=~=~=~=~=~=~=~=~=~=~=~= PuTTY log 2023.05.03 12:35:16 =~=~=~=~=~=~=~=~=~=~=~=,,,,,,,,,,,,,
63.83,0,2.172, ,,,,,,,,,,
63.83,0,2.237, ,,,,,,,,,,
64.14,0,2.248, ,,,,,,,,,,
64.14,0,2.316, ,,,,,,,,,,
64.14,0,2.328, ,,,,,,,,,,
64.34,0,2.34, ,,,,,,,,,,
64.34,0,2.407, ,,,,,,,,,,
64.34,0,2.419, ,,,,,,,,,,
64.07,0,2.43, ,,,,,,,,,,
64.07,0,2.498, ,,,,,,,,,,
64.07,0,2.51, ,,,,,,,,,,
63.94,0,2.522, ,,,,,,,,,,
63.94,0,2.589, ,,,,,,,,,,
63.94,0,2.6, ,,,,,,,,,,
63.82,0,2.613, ,,,,,,,,,,
63.82,0,2.68, ,,,,,,,,,,
63.82,0,2.692, ,,,,,,,,,,
63.94,0,2.704, ,,,,,,,,,,
63.94,0,2.77, ,,,,,,,,,,
63.94,0,2.783, ,,,,,,,,,,
64.05,0,2.795, ,,,,,,,,,,
64.05,0,2.862, ,,,,,,,,,,
64.34,0,2.874, ,,,,,,,,,,
64.34,0,2.941, ,,,,,,,,,,
64.34,0,2.953, ,,,,,,,,,,
64.18,0,2.965, ,,,,,,,,,,
64.18,0,3.033, ,,,,,,,,,,
64.18,0,3.044, ,,,,,,,,,,
64.14,0,3.056, ,,,,,,,,,,
64.14,0,3.123, ,,,,,,,,,,
64.14,0,3.135, ,,,,,,,,,,
63.97,0,3.147, ,,,,,,,,,,
63.97,0,3.214, ,,,,,,,,,,
63.97,0,3.226, ,,,,,,,,,,
64.19,0,3.237, ,,,,,,,,,,
64.19,0,3.305, ,,,,,,,,,,
64.19,0,3.317, ,,,,,,,,,,
63.89,0,3.329, ,,,,,,,,,,
63.89,0,3.396, ,,,,,,,,,,
63.89,0,3.408, ,,,,,,,,,,
64.4,0,3.42, ,,,,,,,,,,
64.4,0,3.487, ,,,,,,,,,,
64.55,0,3.499, ,,,,,,,,,,
64.55,0,3.566, ,,,,,,,,,,
64.55,0,3.578, ,,,,,,,,,,
64.01,0,3.591, ,,,,,,,,,,
64.01,0,3.657, ,,,,,,,,,,
64.01,0,3.67, ,,,,,,,,,,
64.45,0,3.681, ,,,,,,,,,,
64.45,0,3.748, ,,,,,,,,,,
64.45,0,3.761, ,,,,,,,,,,
64.9,0,3.772, ,,,,,,,,,,
64.9,0,3.84, ,,,,,,,,,,
64.9,0,3.851, ,,,,,,,,,,
65.29,0,3.863, ,,,,,,,,,,
65.29,0,3.931, ,,,,,,,,,,
65.29,0,3.942, ,,,,,,,,,,
65.86,0,3.954, ,,,,,,,,,,
65.86,0,4.021, ,,,,,,,,,,
65.86,0,4.033, ,,,,,,,,,,
66.07,0,4.045, ,,,,,,,,,,
66.07,0,4.112, ,,,,,,,,,,
66.07,0,4.124, ,,,,,,,,,,
66.51,0,4.135, ,,,,,,,,,,
66.51,0,4.203, ,,,,,,,,,,
66.51,0,4.215, ,,,,,,,,,,
67.87,0,4.227, ,,,,,,,,,,
67.87,0,4.294, ,,,,,,,,,,
67.87,0,4.305, ,,,,,,,,,,
69.23,0,4.318, ,,,,,,,,,,
69.23,0,4.385, ,,,,,,,,,,
69.23,0,4.397, ,,,,,,,,,,
71.22,0,4.409, ,,,,,,,,,,
71.22,0,4.475, ,,,,,,,,,,
71.22,0,4.488, ,,,,,,,,,,
74.95,0,4.5, ,,,,,,,,,,
74.95,0,4.567, ,,,,,,,,,,
74.95,0,4.579, ,,,,,,,,,,
81,0,4.59, ,,,,,,,,,,
81,0,4.658, ,,,,,,,,,,
89.53,0,4.67, ,,,,,,,,,,
89.53,0,4.738, ,,,,,,,,,,
89.53,0,4.749, ,,,,,,,,,,
105.21,0,4.761, ,,,,,,,,,,
122.46,0,4.83, ,,,,,,,,,,
140.7,300,4.898, ,,,,,,,,,,
155.94,300,4.966, ,,,,,,,,,,
161.63,300,5.035, ,,,,,,,,,,
157.18,300,5.103, ,,,,,,,,,,
155.66,300,5.171, ,,,,,,,,,,
155.81,300,5.239, ,,,,,,,,,,
155.71,300,5.308, ,,,,,,,,,,
146.09,300,5.376, ,,,,,,,,,,
134.42,300,5.444, ,,,,,,,,,,
119.06,300,5.513, ,,,,,,,,,,
103.78,300,5.58, ,,,,,,,,,,
91.53,300,5.649, ,,,,,,,,,,
91.53,300,5.715, ,,,,,,,,,,
82.15,0,5.728, ,,,,,,,,,,
82.15,0,5.795, ,,,,,,,,,,
82.15,0,5.807, ,,,,,,,,,,
75.2,0,5.819, ,,,,,,,,,,
75.2,0,5.885, ,,,,,,,,,,
75.2,0,5.898, ,,,,,,,,,,
71.9,0,5.91, ,,,,,,,,,,
71.9,0,5.977, ,,,,,,,,,,
71.64,0,5.989, ,,,,,,,,,,
71.64,0,6.056, ,,,,,,,,,,
71.64,0,6.068, ,,,,,,,,,,
71.71,0,6.08, ,,,,,,,,,,
71.71,0,6.148, ,,,,,,,,,,
71.71,0,6.159, ,,,,,,,,,,
71.57,0,6.171, ,,,,,,,,,,
71.57,0,6.239, ,,,,,,,,,,
71.57,0,6.25, ,,,,,,,,,,
74.54,0,6.262, ,,,,,,,,,,
74.54,0,6.329, ,,,,,,,,,,
74.54,0,6.341, ,,,,,,,,,,
79.66,0,6.353, ,,,,,,,,,,
79.66,0,6.42, ,,,,,,,,,,
79.66,0,6.432, ,,,,,,,,,,
87.58,0,6.444, ,,,,,,,,,,
87.58,0,6.511, ,,,,,,,,,,
99.44,0,6.523, ,,,,,,,,,,
99.44,0,6.591, ,,,,,,,,,,
99.44,0,6.602, ,,,,,,,,,,
120.58,0,6.615, ,,,,,,,,,,
139,0,6.683, ,,,,,,,,,,
154.59,300,6.752, ,,,,,,,,,,
163.25,300,6.819, ,,,,,,,,,,
161.6,300,6.888, ,,,,,,,,,,
157.39,300,6.957, ,,,,,,,,,,
157.1,300,7.024, ,,,,,,,,,,
158.18,300,7.093, ,,,,,,,,,,
159.64,300,7.16, ,,,,,,,,,,
152.87,300,7.229, ,,,,,,,,,,
143.3,300,7.298, ,,,,,,,,,,
131.24,300,7.365, ,,,,,,,,,,
116.24,300,7.434, ,,,,,,,,,,
101.16,300,7.502, ,,,,,,,,,,
89.74,300,7.57, ,,,,,,,,,,
89.74,300,7.636, ,,,,,,,,,,
81.04,0,7.649, ,,,,,,,,,,
81.04,0,7.716, ,,,,,,,,,,
96.11,0,7.729, ,,,,,,,,,,
96.11,0,7.785, ,,,,,,,,,,
112.61,0,7.796, ,,,,,,,,,,
71.26,0,7.855, ,,,,,,,,,,
71.26,0,7.921, ,,,,,,,,,,
71.26,0,7.932, ,,,,,,,,,,
71.26,0,7.945, ,,,,,,,,,,
71.26,0,8.012, ,,,,,,,,,,
71.26,0,8.024, ,,,,,,,,,,
71.62,0,8.036, ,,,,,,,,,,
71.62,0,8.102, ,,,,,,,,,,
71.62,0,8.115, ,,,,,,,,,,
71.71,0,8.127, ,,,,,,,,,,
71.71,0,8.194, ,,,,,,,,,,
71.71,0,8.206, ,,,,,,,,,,
75.4,0,8.217, ,,,,,,,,,,
75.4,0,8.285, ,,,,,,,,,,
75.4,0,8.297, ,,,,,,,,,,
80.57,0,8.308, ,,,,,,,,,,
80.57,0,8.376, ,,,,,,,,,,
88.54,0,8.387, ,,,,,,,,,,
88.54,0,8.456, ,,,,,,,,,,
88.54,0,8.467, ,,,,,,,,,,
103.46,0,8.479, ,,,,,,,,,,
119.02,0,8.548, ,,,,,,,,,,
137.42,0,8.616, ,,,,,,,,,,
152.88,300,8.684, ,,,,,,,,,,
162.6,300,8.753, ,,,,,,,,,,
162.68,300,8.821, ,,,,,,,,,,
158.32,300,8.889, ,,,,,,,,,,
157.47,300,8.957, ,,,,,,,,,,
158.17,300,9.025, ,,,,,,,,,,
158.6,300,9.094, ,,,,,,,,,,
152.2,300,9.162, ,,,,,,,,,,
142.06,300,9.23, ,,,,,,,,,,
129.8,300,9.298, ,,,,,,,,,,
114.3,300,9.367, ,,,,,,,,,,
100.47,300,9.435, ,,,,,,,,,,
89.01,300,9.503, ,,,,,,,,,,
89.01,300,9.57, ,,,,,,,,,,
80.42,0,9.582, ,,,,,,,,,,
80.42,0,9.65, ,,,,,,,,,,
80.42,0,9.661, ,,,,,,,,,,
73.77,0,9.673, ,,,,,,,,,,
73.77,0,9.741, ,,,,,,,,,,
73.77,0,9.752, ,,,,,,,,,,
71,0,9.764, ,,,,,,,,,,
71,0,9.831, ,,,,,,,,,,
70.88,0,9.843, ,,,,,,,,,,
70.88,0,9.922, ,,,,,,,,,,
70.88,0,9.934, ,,,,,,,,,,
71.09,0,9.946, ,,,,,,,,,,
71.09,0,10.013, ,,,,,,,,,,
71.09,0,10.025, ,,,,,,,,,,
71.09,0,10.037, ,,,,,,,,,,
71.09,0,10.104, ,,,,,,,,,,
71.09,0,10.116, ,,,,,,,,,,
73.78,0,10.128, ,,,,,,,,,,
73.78,0,10.195, ,,,,,,,,,,
77.97,0,10.207, ,,,,,,,,,,
77.97,0,10.274, ,,,,,,,,,,
84.29,0,10.287, ,,,,,,,,,,
84.29,0,10.354, ,,,,,,,,,,
93.77,0,10.366, ,,,,,,,,,,
93.77,0,10.434, ,,,,,,,,,,
108.63,0,10.445, ,,,,,,,,,,
126.23,0,10.515, ,,,,,,,,,,
144.22,300,10.584, ,,,,,,,,,,
158.35,300,10.651, ,,,,,,,,,,
162.63,300,10.72, ,,,,,,,,,,
158.22,300,10.788, ,,,,,,,,,,
156.12,300,10.856, ,,,,,,,,,,
156.65,300,10.925, ,,,,,,,,,,
156.67,300,10.993, ,,,,,,,,,,
148.14,300,11.061, ,,,,,,,,,,
136.21,300,11.129, ,,,,,,,,,,
121.84,300,11.197, ,,,,,,,,,,
106.25,300,11.266, ,,,,,,,,,,
93.89,300,11.334, ,,,,,,,,,,
93.89,300,11.401, ,,,,,,,,,,
83.27,0,11.413, ,,,,,,,,,,
83.27,0,11.481, ,,,,,,,,,,
76.2,0,11.492, ,,,,,,,,,,
76.2,0,11.559, ,,,,,,,,,,
72.68,0,11.572, ,,,,,,,,,,
72.68,0,11.639, ,,,,,,,,,,
72.43,0,11.652, ,,,,,,,,,,
72.43,0,11.719, ,,,,,,,,,,
72.03,0,11.73, ,,,,,,,,,,
72.03,0,11.798, ,,,,,,,,,,
71.51,0,11.81, ,,,,,,,,,,
71.51,0,11.878, ,,,,,,,,,,
72.95,0,11.89, ,,,,,,,,,,
72.95,0,11.958, ,,,,,,,,,,
75.82,0,11.969, ,,,,,,,,,,
75.82,0,12.037, ,,,,,,,,,,
81.03,0,12.049, ,,,,,,,,,,
81.03,0,12.116, ,,,,,,,,,,
89.33,0,12.129, ,,,,,,,,,,
89.33,0,12.196, ,,,,,,,,,,
101.62,0,12.209, ,,,,,,,,,,
117.25,0,12.277, ,,,,,,,,,,
135.64,0,12.346, ,,,,,,,,,,
152.47,300,12.413, ,,,,,,,,,,
162.15,300,12.482, ,,,,,,,,,,
161.96,300,12.551, ,,,,,,,,,,
157.75,300,12.618, ,,,,,,,,,,
156.86,300,12.687, ,,,,,,,,,,
157.63,300,12.755, ,,,,,,,,,,
158.97,300,12.823, ,,,,,,,,,,
151.62,300,12.892, ,,,,,,,,,,
141.27,300,12.96, ,,,,,,,,,,
129.08,300,13.028, ,,,,,,,,,,
113.22,300,13.096, ,,,,,,,,,,
99.19,300,13.164, ,,,,,,,,,,
99.19,300,13.232, ,,,,,,,,,,
86.81,300,13.243, ,,,,,,,,,,
86.81,300,13.31, ,,,,,,,,,,
78.79,0,13.323, ,,,,,,,,,,
78.79,0,13.39, ,,,,,,,,,,
73.71,0,13.403, ,,,,,,,,,,
73.71,0,13.47, ,,,,,,,,,,
70.97,0,13.481, ,,,,,,,,,,
70.97,0,13.549, ,,,,,,,,,,
70.54,0,13.561, ,,,,,,,,,,
70.54,0,13.629, ,,,,,,,,,,
70.55,0,13.641, ,,,,,,,,,,
70.55,0,13.709, ,,,,,,,,,,
70.27,0,13.72, ,,,,,,,,,,
70.27,0,13.788, ,,,,,,,,,,
70.87,0,13.8, ,,,,,,,,,,
70.87,0,13.868, ,,,,,,,,,,
72.94,0,13.88, ,,,,,,,,,,
72.94,0,13.947, ,,,,,,,,,,
76.36,0,13.96, ,,,,,,,,,,
76.36,0,14.027, ,,,,,,,,,,
81.99,0,14.039, ,,,,,,,,,,
81.99,0,14.106, ,,,,,,,,,,
90.17,0,14.118, ,,,,,,,,,,
90.17,0,14.186, ,,,,,,,,,,
103.53,0,14.198, ,,,,,,,,,,
120.53,0,14.267, ,,,,,,,,,,
138.6,0,14.336, ,,,,,,,,,,
154.19,300,14.403, ,,,,,,,,,,
162.11,300,14.472, ,,,,,,,,,,
161.79,300,14.54, ,,,,,,,,,,
157.59,300,14.608, ,,,,,,,,,,
157.17,300,14.676, ,,,,,,,,,,
159.01,300,14.745, ,,,,,,,,,,
158.31,300,14.813, ,,,,,,,,,,
152.06,300,14.881, ,,,,,,,,,,
141.79,300,14.95, ,,,,,,,,,,
130.04,300,15.017, ,,,,,,,,,,
114.34,300,15.086, ,,,,,,,,,,
99.89,300,15.155, ,,,,,,,,,,
99.89,300,15.221, ,,,,,,,,,,
87.62,300,15.233, ,,,,,,,,,,
87.62,300,15.3, ,,,,,,,,,,
79.22,0,15.312, ,,,,,,,,,,
79.22,0,15.38, ,,,,,,,,,,
74.16,0,15.392, ,,,,,,,,,,
74.16,0,15.46, ,,,,,,,,,,
71.37,0,15.471, ,,,,,,,,,,
71.37,0,15.54, ,,,,,,,,,,
70.93,0,15.551, ,,,,,,,,,,
70.93,0,15.619, ,,,,,,,,,,
71.14,0,15.631, ,,,,,,,,,,
71.14,0,15.698, ,,,,,,,,,,
70.83,0,15.711, ,,,,,,,,,,
70.83,0,15.778, ,,,,,,,,,,
71.25,0,15.79, ,,,,,,,,,,
71.25,0,15.857, ,,,,,,,,,,
74.18,0,15.869, ,,,,,,,,,,
74.18,0,15.937, ,,,,,,,,,,
77.66,0,15.949, ,,,,,,,,,,
77.66,0,16.017, ,,,,,,,,,,
83.25,0,16.028, ,,,,,,,,,,
83.25,0,16.096, ,,,,,,,,,,
92.67,0,16.108, ,,,,,,,,,,
92.67,0,16.176, ,,,,,,,,,,
107.87,0,16.188, ,,,,,,,,,,
125.15,0,16.257, ,,,,,,,,,,
143.13,300,16.325, ,,,,,,,,,,
157.34,300,16.394, ,,,,,,,,,,
161.7,300,16.461, ,,,,,,,,,,
157.29,300,16.53, ,,,,,,,,,,
155.41,300,16.599, ,,,,,,,,,,
156.1,300,16.666, ,,,,,,,,,,
155.91,300,16.735, ,,,,,,,,,,
147.25,300,16.803, ,,,,,,,,,,
135.02,300,16.871, ,,,,,,,,,,
120.65,300,16.94, ,,,,,,,,,,
104.79,300,17.008, ,,,,,,,,,,
92.95,300,17.076, ,,,,,,,,,,
92.95,300,17.142, ,,,,,,,,,,
82.79,0,17.155, ,,,,,,,,,,
82.79,0,17.222, ,,,,,,,,,,
75.8,0,17.234, ,,,,,,,,,,
75.8,0,17.302, ,,,,,,,,,,
75.8,0,17.313, ,,,,,,,,,,
72.58,0,17.326, ,,,,,,,,,,
72.58,0,17.392, ,,,,,,,,,,
71.94,0,17.404, ,,,,,,,,,,
71.94,0,17.472, ,,,,,,,,,,
71.97,0,17.484, ,,,,,,,,,,
71.97,0,17.552, ,,,,,,,,,,
71.43,0,17.563, ,,,,,,,,,,
71.43,0,17.632, ,,,,,,,,,,
72.86,0,17.643, ,,,,,,,,,,
72.86,0,17.711, ,,,,,,,,,,
76.38,0,17.723, ,,,,,,,,,,
76.38,0,17.79, ,,,,,,,,,,
81.44,0,17.803, ,,,,,,,,,,
81.44,0,17.87, ,,,,,,,,,,
89.29,0,17.882, ,,,,,,,,,,
89.29,0,17.949, ,,,,,,,,,,
102.02,0,17.961, ,,,,,,,,,,
117.73,0,18.031, ,,,,,,,,,,
136.29,0,18.099, ,,,,,,,,,,
152.09,300,18.167, ,,,,,,,,,,
161.66,300,18.236, ,,,,,,,,,,
161.7,300,18.304, ,,,,,,,,,,
158.4,300,18.372, ,,,,,,,,,,
156.42,300,18.44, ,,,,,,,,,,
157.68,300,18.508, ,,,,,,,,,,
158.12,300,18.577, ,,,,,,,,,,
151.72,300,18.644, ,,,,,,,,,,
141.18,300,18.713, ,,,,,,,,,,
128.8,300,18.782, ,,,,,,,,,,
113.09,300,18.849, ,,,,,,,,,,
98.89,300,18.918, ,,,,,,,,,,
98.89,300,18.984, ,,,,,,,,,,
86.34,300,18.997, ,,,,,,,,,,
86.34,300,19.064, ,,,,,,,,,,
78.64,0,19.077, ,,,,,,,,,,
78.64,0,19.143, ,,,,,,,,,,
74.07,0,19.155, ,,,,,,,,,,
74.07,0,19.223, ,,,,,,,,,,
70.85,0,19.235, ,,,,,,,,,,
70.85,0,19.303, ,,,,,,,,,,
70.6,0,19.315, ,,,,,,,,,,
70.6,0,19.383, ,,,,,,,,,,
70.77,0,19.394, ,,,,,,,,,,
70.77,0,19.462, ,,,,,,,,,,
70.93,0,19.474, ,,,,,,,,,,
70.93,0,19.542, ,,,,,,,,,,
71.04,0,19.554, ,,,,,,,,,,
71.04,0,19.621, ,,,,,,,,,,
73.17,0,19.633, ,,,,,,,,,,
73.17,0,19.7, ,,,,,,,,,,
77.15,0,19.713, ,,,,,,,,,,
77.15,0,19.78, ,,,,,,,,,,
83.42,0,19.792, ,,,,,,,,,,
83.42,0,19.86, ,,,,,,,,,,
91.94,0,19.872, ,,,,,,,,,,
91.94,0,19.94, ,,,,,,,,,,
106.07,0,19.951, ,,,,,,,,,,
122.94,0,20.021, ,,,,,,,,,,
141.53,300,20.088, ,,,,,,,,,,
156.29,300,20.157, ,,,,,,,,,,
161.79,300,20.226, ,,,,,,,,,,
158.84,300,20.293, ,,,,,,,,,,
156.37,300,20.362, ,,,,,,,,,,
156.33,300,20.43, ,,,,,,,,,,
155.29,300,20.498, ,,,,,,,,,,
146.89,300,20.567, ,,,,,,,,,,
134.28,300,20.635, ,,,,,,,,,,
118.98,300,20.703, ,,,,,,,,,,
103.66,300,20.771, ,,,,,,,,,,
91.64,300,20.84, ,,,,,,,,,,
91.64,300,20.907, ,,,,,,,,,,
81.99,0,20.919, ,,,,,,,,,,
81.99,0,20.985, ,,,,,,,,,,
76.23,0,20.998, ,,,,,,,,,,
76.23,0,21.065, ,,,,,,,,,,
72.16,0,21.078, ,,,,,,,,,,
72.16,0,21.145, ,,,,,,,,,,
71.74,0,21.157, ,,,,,,,,,,
71.74,0,21.225, ,,,,,,,,,,
71.82,0,21.236, ,,,,,,,,,,
71.82,0,21.304, ,,,,,,,,,,
71.62,0,21.316, ,,,,,,,,,,
71.62,0,21.384, ,,,,,,,,,,
72.33,0,21.396, ,,,,,,,,,,
72.33,0,21.464, ,,,,,,,,,,
75.69,0,21.475, ,,,,,,,,,,
75.69,0,21.542, ,,,,,,,,,,
80.3,0,21.555, ,,,,,,,,,,
80.3,0,21.622, ,,,,,,,,,,
87.5,0,21.635, ,,,,,,,,,,
87.5,0,21.702, ,,,,,,,,,,
99.53,0,21.714, ,,,,,,,,,,
99.53,0,21.782, ,,,,,,,,,,
118.15,0,21.793, ,,,,,,,,,,
136.54,0,21.863, ,,,,,,,,,,
152.7,300,21.931, ,,,,,,,,,,
162.38,300,21.999, ,,,,,,,,,,
162.17,300,22.068, ,,,,,,,,,,
158.19,300,22.135, ,,,,,,,,,,
156.23,300,22.204, ,,,,,,,,,,
157.98,300,22.273, ,,,,,,,,,,
158.91,300,22.34, ,,,,,,,,,,
151.9,300,22.409, ,,,,,,,,,,
141.18,300,22.477, ,,,,,,,,,,
128.85,300,22.545, ,,,,,,,,,,
113,300,22.614, ,,,,,,,,,,
98.71,300,22.682, ,,,,,,,,,,
98.71,300,22.749, ,,,,,,,,,,
86.53,300,22.761, ,,,,,,,,,,
86.53,300,22.829, ,,,,,,,,,,
78.56,0,22.84, ,,,,,,,,,,
78.56,0,22.907, ,,,,,,,,,,
73.86,0,22.92, ,,,,,,,,,,
73.86,0,22.987, ,,,,,,,,,,
71.25,0,22.999, ,,,,,,,,,,
71.25,0,23.067, ,,,,,,,,,,
70.81,0,23.078, ,,,,,,,,,,
70.81,0,23.146, ,,,,,,,,,,
70.53,0,23.158, ,,,,,,,,,,
70.53,0,23.226, ,,,,,,,,,,
70.05,0,23.238, ,,,,,,,,,,
70.05,0,23.306, ,,,,,,,,,,
70.86,0,23.317, ,,,,,,,,,,
70.86,0,23.385, ,,,,,,,,,,
73.63,0,23.397, ,,,,,,,,,,
73.63,0,23.464, ,,,,,,,,,,
77.84,0,23.477, ,,,,,,,,,,
77.84,0,23.544, ,,,,,,,,,,
83.66,0,23.557, ,,,,,,,,,,
83.66,0,23.624, ,,,,,,,,,,
92.62,0,23.635, ,,,,,,,,,,
92.62,0,23.703, ,,,,,,,,,,
107.03,0,23.715, ,,,,,,,,,,
124.93,0,23.785, ,,,,,,,,,,
143.12,300,23.853, ,,,,,,,,,,
157.33,300,23.921, ,,,,,,,,,,
161.66,300,23.99, ,,,,,,,,,,
157.87,300,24.057, ,,,,,,,,,,
155.97,300,24.126, ,,,,,,,,,,
156.25,300,24.195, ,,,,,,,,,,
156.19,300,24.262, ,,,,,,,,,,
147.19,300,24.331, ,,,,,,,,,,
134.82,300,24.398, ,,,,,,,,,,
119.93,300,24.467, ,,,,,,,,,,
104.31,300,24.536, ,,,,,,,,,,
92.15,300,24.603, ,,,,,,,,,,
92.15,300,24.671, ,,,,,,,,,,
82.58,0,24.682, ,,,,,,,,,,
82.58,0,24.75, ,,,,,,,,,,
75.73,0,24.762, ,,,,,,,,,,
75.73,0,24.829, ,,,,,,,,,,
72.6,0,24.842, ,,,,,,,,,,
72.6,0,24.909, ,,,,,,,,,,
72.13,0,24.921, ,,,,,,,,,,
72.13,0,24.988, ,,,,,,,,,,
71.58,0,25, ,,,,,,,,,,
71.58,0,25.068, ,,,,,,,,,,
71.39,0,25.08, ,,,,,,,,,,
71.39,0,25.148, ,,,,,,,,,,
72.44,0,25.159, ,,,,,,,,,,
72.44,0,25.227, ,,,,,,,,,,
75.41,0,25.239, ,,,,,,,,,,
75.41,0,25.307, ,,,,,,,,,,
80.69,0,25.319, ,,,,,,,,,,
80.69,0,25.387, ,,,,,,,,,,
87.81,0,25.399, ,,,,,,,,,,
87.81,0,25.466, ,,,,,,,,,,
100.11,0,25.478, ,,,,,,,,,,
115.44,0,25.547, ,,,,,,,,,,
134.09,0,25.616, ,,,,,,,,,,
150.68,300,25.683, ,,,,,,,,,,
161.57,300,25.752, ,,,,,,,,,,
162.48,300,25.82, ,,,,,,,,,,
157.87,300,25.888, ,,,,,,,,,,
155.82,300,25.957, ,,,,,,,,,,
157.52,300,26.024, ,,,,,,,,,,
157.39,300,26.093, ,,,,,,,,,,
151.31,300,26.162, ,,,,,,,,,,
140.23,300,26.229, ,,,,,,,,,,
127.29,300,26.298, ,,,,,,,,,,
111.32,300,26.366, ,,,,,,,,,,
97.17,300,26.434, ,,,,,,,,,,
97.17,300,26.501, ,,,,,,,,,,
85.65,300,26.513, ,,,,,,,,,,
85.65,300,26.58, ,,,,,,,,,,
78.4,0,26.593, ,,,,,,,,,,
78.4,0,26.66, ,,,,,,,,,,
73.21,0,26.672, ,,,,,,,,,,
73.21,0,26.74, ,,,,,,,,,,
70.76,0,26.752, ,,,,,,,,,,
70.76,0,26.819, ,,,,,,,,,,
70.37,0,26.831, ,,,,,,,,,,
70.37,0,26.899, ,,,,,,,,,,
70.4,0,26.911, ,,,,,,,,,,
70.4,0,26.979, ,,,,,,,,,,
70.43,0,26.99, ,,,,,,,,,,
70.43,0,27.058, ,,,,,,,,,,
70.87,0,27.07, ,,,,,,,,,,
70.87,0,27.138, ,,,,,,,,,,
73.15,0,27.15, ,,,,,,,,,,
73.15,0,27.217, ,,,,,,,,,,
77.04,0,27.23, ,,,,,,,,,,
77.04,0,27.297, ,,,,,,,,,,
82.23,0,27.309, ,,,,,,,,,,
82.23,0,27.376, ,,,,,,,,,,
91.4,0,27.388, ,,,,,,,,,,
91.4,0,27.456, ,,,,,,,,,,
104.79,0,27.468, ,,,,,,,,,,
121.63,0,27.537, ,,,,,,,,,,
139.97,0,27.606, ,,,,,,,,,,
154.91,300,27.673, ,,,,,,,,,,
163.34,300,27.742, ,,,,,,,,,,
162.19,300,27.81, ,,,,,,,,,,
157.84,300,27.879, ,,,,,,,,,,
156.37,300,27.947, ,,,,,,,,,,
158.33,300,28.015, ,,,,,,,,,,
159.41,300,28.083, ,,,,,,,,,,
152.78,300,28.151, ,,,,,,,,,,
143.12,300,28.22, ,,,,,,,,,,
131.54,300,28.288, ,,,,,,,,,,
115.79,300,28.356, ,,,,,,,,,,
100.94,300,28.425, ,,,,,,,,,,
89.33,300,28.492, ,,,,,,,,,,
89.33,300,28.559, ,,,,,,,,,,
80.89,0,28.571, ,,,,,,,,,,
80.89,0,28.639, ,,,,,,,,,,
75.23,0,28.651, ,,,,,,,,,,
75.23,0,28.719, ,,,,,,,,,,
71.3,0,28.73, ,,,,,,,,,,
71.3,0,28.798, ,,,,,,,,,,
70.99,0,28.81, ,,,,,,,,,,
70.99,0,28.877, ,,,,,,,,,,
71.45,0,28.89, ,,,,,,,,,,
71.45,0,28.957, ,,,,,,,,,,
71.44,0,28.969, ,,,,,,,,,,
71.44,0,29.037, ,,,,,,,,,,
72.04,0,29.048, ,,,,,,,,,,
72.04,0,29.116, ,,,,,,,,,,
74.82,0,29.128, ,,,,,,,,,,
74.82,0,29.196, ,,,,,,,,,,
79.58,0,29.208, ,,,,,,,,,,
79.58,0,29.276, ,,,,,,,,,,
86.21,0,29.288, ,,,,,,,,,,
86.21,0,29.356, ,,,,,,,,,,
96.29,0,29.367, ,,,,,,,,,,
96.29,0,29.434, ,,,,,,,,,,
112.62,0,29.447, ,,,,,,,,,,
131.04,0,29.516, ,,,,,,,,,,
148.35,300,29.584, ,,,,,,,,,,
160.01,300,29.652, ,,,,,,,,,,
162.39,300,29.721, ,,,,,,,,,,
158.21,300,29.789, ,,,,,,,,,,
156.92,300,29.857, ,,,,,,,,,,
157.29,300,29.926, ,,,,,,,,,,
157.21,300,29.993, ,,,,,,,,,,
150.02,300,30.062, ,,,,,,,,,,
138.42,300,30.13, ,,,,,,,,,,
124.89,300,30.198, ,,,,,,,,,,
109.1,300,30.267, ,,,,,,,,,,
95.25,300,30.334, ,,,,,,,,,,
95.25,300,30.402, ,,,,,,,,,,
84.7,0,30.413, ,,,,,,,,,,
84.7,0,30.481, ,,,,,,,,,,
77.85,0,30.493, ,,,,,,,,,,
77.85,0,30.561, ,,,,,,,,,,
73.06,0,30.573, ,,,,,,,,,,
73.06,0,30.641, ,,,,,,,,,,
73.12,0,30.652, ,,,,,,,,,,
73.12,0,30.72, ,,,,,,,,,,
72.72,0,30.732, ,,,,,,,,,,
72.72,0,30.799, ,,,,,,,,,,
72.28,0,30.812, ,,,,,,,,,,
72.28,0,30.879, ,,,,,,,,,,
73.46,0,30.891, ,,,,,,,,,,
73.46,0,30.958, ,,,,,,,,,,
76.66,0,30.97, ,,,,,,,,,,
76.66,0,31.038, ,,,,,,,,,,
82.75,0,31.05, ,,,,,,,,,,
82.75,0,31.118, ,,,,,,,,,,
91.1,0,31.13, ,,,,,,,,,,
91.1,0,31.198, ,,,,,,,,,,
105.48,0,31.209, ,,,,,,,,,,
122.46,0,31.279, ,,,,,,,,,,
140.92,300,31.346, ,,,,,,,,,,
155.7,300,31.415, ,,,,,,,,,,
161.38,300,31.483, ,,,,,,,,,,
157.63,300,31.551, ,,,,,,,,,,
155.44,300,31.62, ,,,,,,,,,,
156.31,300,31.688, ,,,,,,,,,,
155.62,300,31.756, ,,,,,,,,,,
146.01,300,31.824, ,,,,,,,,,,
132.93,300,31.893, ,,,,,,,,,,
117.76,300,31.961, ,,,,,,,,,,
102.9,300,32.029, ,,,,,,,,,,
90.53,300,32.098, ,,,,,,,,,,
90.53,300,32.164, ,,,,,,,,,,
81.35,0,32.177, ,,,,,,,,,,
81.35,0,32.243, ,,,,,,,,,,
75.51,0,32.256, ,,,,,,,,,,
75.51,0,32.323, ,,,,,,,,,,
72.45,0,32.335, ,,,,,,,,,,
72.45,0,32.403, ,,,,,,,,,,
72.02,0,32.414, ,,,,,,,,,,
72.02,0,32.483, ,,,,,,,,,,
71.42,0,32.494, ,,,,,,,,,,
71.42,0,32.562, ,,,,,,,,,,
71.19,0,32.574, ,,,,,,,,,,
71.19,0,32.642, ,,,,,,,,,,
72.02,0,32.654, ,,,,,,,,,,
72.02,0,32.721, ,,,,,,,,,,
75.3,0,32.733, ,,,,,,,,,,
75.3,0,32.8, ,,,,,,,,,,
80.41,0,32.813, ,,,,,,,,,,
80.41,0,32.88, ,,,,,,,,,,
87.31,0,32.892, ,,,,,,,,,,
87.31,0,32.96, ,,,,,,,,,,
98.45,0,32.972, ,,,,,,,,,,
98.45,0,33.04, ,,,,,,,,,,
115.92,0,33.051, ,,,,,,,,,,
134.63,0,33.121, ,,,,,,,,,,
150.92,300,33.189, ,,,,,,,,,,
161.93,300,33.257, ,,,,,,,,,,
162.72,300,33.326, ,,,,,,,,,,
158.69,300,33.394, ,,,,,,,,,,
157.65,300,33.462, ,,,,,,,,,,
158.2,300,33.53, ,,,,,,,,,,
157.92,300,33.598, ,,,,,,,,,,
150.89,300,33.667, ,,,,,,,,,,
140.45,300,33.735, ,,,,,,,,,,
127.58,300,33.803, ,,,,,,,,,,
111.05,300,33.871, ,,,,,,,,,,
97.31,300,33.94, ,,,,,,,,,,
97.31,300,34.007, ,,,,,,,,,,
85.87,300,34.019, ,,,,,,,,,,
85.87,300,34.086, ,,,,,,,,,,
78.2,0,34.098, ,,,,,,,,,,
78.2,0,34.165, ,,,,,,,,,,
78.2,0,34.178, ,,,,,,,,,,
72.91,0,34.189, ,,,,,,,,,,
72.91,0,34.256, ,,,,,,,,,,
70.78,0,34.269, ,,,,,,,,,,
70.78,0,34.336, ,,,,,,,,,,
70.47,0,34.348, ,,,,,,,,,,
70.47,0,34.415, ,,,,,,,,,,
70.39,0,34.427, ,,,,,,,,,,
70.39,0,34.495, ,,,,,,,,,,
70.44,0,34.507, ,,,,,,,,,,
70.44,0,34.575, ,,,,,,,,,,
70.61,0,34.587, ,,,,,,,,,,
70.61,0,34.655, ,,,,,,,,,,
73.8,0,34.666, ,,,,,,,,,,
73.8,0,34.734, ,,,,,,,,,,
77.64,0,34.746, ,,,,,,,,,,
77.64,0,34.813, ,,,,,,,,,,
83.6,0,34.826, ,,,,,,,,,,
83.6,0,34.893, ,,,,,,,,,,
93.12,0,34.905, ,,,,,,,,,,
93.12,0,34.972, ,,,,,,,,,,
107.87,0,34.984, ,,,,,,,,,,
125.77,0,35.054, ,,,,,,,,,,
143.58,300,35.122, ,,,,,,,,,,
157.78,300,35.19, ,,,,,,,,,,
161.87,300,35.259, ,,,,,,,,,,
156.92,300,35.326, ,,,,,,,,,,
156.42,300,35.395, ,,,,,,,,,,
155.71,300,35.464, ,,,,,,,,,,
155.9,300,35.531, ,,,,,,,,,,
147.33,300,35.6, ,,,,,,,,,,
135.01,300,35.668, ,,,,,,,,,,
120.44,300,35.736, ,,,,,,,,,,
104.81,300,35.805, ,,,,,,,,,,
92.45,300,35.873, ,,,,,,,,,,
92.45,300,35.94, ,,,,,,,,,,
82.58,0,35.951, ,,,,,,,,,,
82.58,0,36.019, ,,,,,,,,,,
76.33,0,36.031, ,,,,,,,,,,
76.33,0,36.099, ,,,,,,,,,,
72.51,0,36.111, ,,,,,,,,,,
72.51,0,36.178, ,,,,,,,,,,
72,0,36.19, ,,,,,,,,,,
72,0,36.257, ,,,,,,,,,,
72,0,36.27, ,,,,,,,,,,
71.55,0,36.282, ,,,,,,,,,,
71.55,0,36.348, ,,,,,,,,,,
71.33,0,36.361, ,,,,,,,,,,
71.33,0,36.428, ,,,,,,,,,,
72.65,0,36.441, ,,,,,,,,,,
72.65,0,36.508, ,,,,,,,,,,
76.22,0,36.519, ,,,,,,,,,,
76.22,0,36.587, ,,,,,,,,,,
80.81,0,36.599, ,,,,,,,,,,
80.81,0,36.667, ,,,,,,,,,,
89.39,0,36.679, ,,,,,,,,,,
89.39,0,36.747, ,,,,,,,,,,
101.97,0,36.759, ,,,,,,,,,,
118.14,0,36.828, ,,,,,,,,,,
136.38,0,36.896, ,,,,,,,,,,
152.74,300,36.964, ,,,,,,,,,,
162.56,300,37.032, ,,,,,,,,,,
161.73,300,37.101, ,,,,,,,,,,
157.88,300,37.169, ,,,,,,,,,,
157.27,300,37.237, ,,,,,,,,,,
157.84,300,37.306, ,,,,,,,,,,
158.05,300,37.373, ,,,,,,,,,,
151.98,300,37.442, ,,,,,,,,,,
141.22,300,37.511, ,,,,,,,,,,
128.68,300,37.578, ,,,,,,,,,,
112.74,300,37.647, ,,,,,,,,,,
98.34,300,37.715, ,,,,,,,,,,
98.34,300,37.782, ,,,,,,,,,,
86.98,300,37.793, ,,,,,,,,,,
86.98,300,37.861, ,,,,,,,,,,
78.67,0,37.873, ,,,,,,,,,,
78.67,0,37.941, ,,,,,,,,,,
73.63,0,37.953, ,,,,,,,,,,
73.63,0,38.021, ,,,,,,,,,,
71.38,0,38.033, ,,,,,,,,,,
71.38,0,38.1, ,,,,,,,,,,
70.44,0,38.112, ,,,,,,,,,,
70.44,0,38.179, ,,,,,,,,,,
70.68,0,38.192, ,,,,,,,,,,
70.68,0,38.259, ,,,,,,,,,,
70.12,0,38.272, ,,,,,,,,,,
70.12,0,38.339, ,,,,,,,,,,
71.35,0,38.35, ,,,,,,,,,,
71.35,0,38.418, ,,,,,,,,,,
73.3,0,38.43, ,,,,,,,,,,
73.3,0,38.498, ,,,,,,,,,,
77.37,0,38.51, ,,,,,,,,,,
77.37,0,38.578, ,,,,,,,,,,
82.97,0,38.59, ,,,,,,,,,,
82.97,0,38.658, ,,,,,,,,,,
92.4,0,38.669, ,,,,,,,,,,
92.4,0,38.736, ,,,,,,,,,,
107.01,0,38.749, ,,,,,,,,,,
124.62,0,38.818, ,,,,,,,,,,
142.33,300,38.886, ,,,,,,,,,,
157.25,300,38.955, ,,,,,,,,,,
161.51,300,39.023, ,,,,,,,,,,
157.73,300,39.091, ,,,,,,,,,,
155.47,300,39.159, ,,,,,,,,,,
156.53,300,39.227, ,,,,,,,,,,
156.69,300,39.296, ,,,,,,,,,,
147.17,300,39.364, ,,,,,,,,,,
134.65,300,39.432, ,,,,,,,,,,
118.99,300,39.5, ,,,,,,,,,,
103.59,300,39.569, ,,,,,,,,,,
91.35,300,39.636, ,,,,,,,,,,
91.35,300,39.703, ,,,,,,,,,,
82.17,0,39.715, ,,,,,,,,,,
82.17,0,39.783, ,,,,,,,,,,
75.92,0,39.795, ,,,,,,,,,,
75.92,0,39.863, ,,,,,,,,,,
72.55,0,39.875, ,,,,,,,,,,
72.55,0,39.943, ,,,,,,,,,,
71.99,0,39.954, ,,,,,,,,,,
71.99,0,40.022, ,,,,,,,,,,
71.99,0,40.034, ,,,,,,,,,,
71.62,0,40.046, ,,,,,,,,,,
71.62,0,40.113, ,,,,,,,,,,
71.57,0,40.125, ,,,,,,,,,,
71.57,0,40.193, ,,,,,,,,,,
72.28,0,40.204, ,,,,,,,,,,
72.28,0,40.272, ,,,,,,,,,,
75.35,0,40.284, ,,,,,,,,,,
75.35,0,40.351, ,,,,,,,,,,
80.92,0,40.364, ,,,,,,,,,,
80.92,0,40.431, ,,,,,,,,,,
88.63,0,40.443, ,,,,,,,,,,
88.63,0,40.511, ,,,,,,,,,,
101.21,0,40.522, ,,,,,,,,,,
115.96,0,40.592, ,,,,,,,,,,
135.01,0,40.66, ,,,,,,,,,,
151.05,300,40.728, ,,,,,,,,,,
162.14,300,40.797, ,,,,,,,,,,
162.16,300,40.865, ,,,,,,,,,,
157.5,300,40.933, ,,,,,,,,,,
156.12,300,41.001, ,,,,,,,,,,
158.21,300,41.069, ,,,,,,,,,,
158.41,300,41.138, ,,,,,,,,,,
150.83,300,41.206, ,,,,,,,,,,
140.04,300,41.274, ,,,,,,,,,,
127.02,300,41.342, ,,,,,,,,,,
111.09,300,41.411, ,,,,,,,,,,
97.6,300,41.479, ,,,,,,,,,,
97.6,300,41.545, ,,,,,,,,,,
85.67,300,41.558, ,,,,,,,,,,
85.67,300,41.625, ,,,,,,,,,,
77.55,0,41.637, ,,,,,,,,,,
77.55,0,41.705, ,,,,,,,,,,
73.62,0,41.717, ,,,,,,,,,,
73.62,0,41.785, ,,,,,,,,,,
70.82,0,41.796, ,,,,,,,,,,
70.82,0,41.864, ,,,,,,,,,,
70.53,0,41.876, ,,,,,,,,,,
70.53,0,41.944, ,,,,,,,,,,
70.68,0,41.956, ,,,,,,,,,,
70.68,0,42.023, ,,,,,,,,,,
70.01,0,42.035, ,,,,,,,,,,
70.01,0,42.102, ,,,,,,,,,,
70.96,0,42.115, ,,,,,,,,,,
70.96,0,42.182, ,,,,,,,,,,
73.01,0,42.194, ,,,,,,,,,,
73.01,0,42.262, ,,,,,,,,,,
77.06,0,42.274, ,,,,,,,,,,
77.06,0,42.342, ,,,,,,,,,,
82.55,0,42.353, ,,,,,,,,,,
82.55,0,42.421, ,,,,,,,,,,
90.48,0,42.433, ,,,,,,,,,,
90.48,0,42.501, ,,,,,,,,,,
104.3,0,42.513, ,,,,,,,,,,
120.96,0,42.582, ,,,,,,,,,,
139.66,0,42.65, ,,,,,,,,,,
154.69,300,42.719, ,,,,,,,,,,
163.48,300,42.786, ,,,,,,,,,,
161.59,300,42.855, ,,,,,,,,,,
157.63,300,42.924, ,,,,,,,,,,
156.57,300,42.991, ,,,,,,,,,,
157.97,300,43.06, ,,,,,,,,,,
158.09,300,43.127, ,,,,,,,,,,
152.87,300,43.196, ,,,,,,,,,,
142.97,300,43.265, ,,,,,,,,,,
130.88,300,43.332, ,,,,,,,,,,
115.18,300,43.401, ,,,,,,,,,,
100.22,300,43.469, ,,,,,,,,,,
89.65,300,43.537, ,,,,,,,,,,
89.65,300,43.603, ,,,,,,,,,,
80.98,0,43.616, ,,,,,,,,,,
80.98,0,43.683, ,,,,,,,,,,
80.98,0,43.696, ,,,,,,,,,,
74.18,0,43.707, ,,,,,,,,,,
74.18,0,43.774, ,,,,,,,,,,
71.55,0,43.787, ,,,,,,,,,,
71.55,0,43.854, ,,,,,,,,,,
71.41,0,43.866, ,,,,,,,,,,
71.41,0,43.933, ,,,,,,,,,,
70.89,0,43.945, ,,,,,,,,,,
70.89,0,44.013, ,,,,,,,,,,
70.83,0,44.025, ,,,,,,,,,,
70.83,0,44.093, ,,,,,,,,,,
72.34,0,44.104, ,,,,,,,,,,
72.34,0,44.173, ,,,,,,,,,,
75.61,0,44.184, ,,,,,,,,,,
75.61,0,44.252, ,,,,,,,,,,
79.91,0,44.264, ,,,,,,,,,,
79.91,0,44.332, ,,,,,,,,,,
87.02,0,44.344, ,,,,,,,,,,
87.02,0,44.411, ,,,,,,,,,,
87.02,0,44.423, ,,,,,,,,,,
100.17,0,44.435, ,,,,,,,,,,
115.54,0,44.504, ,,,,,,,,,,
134.47,0,44.572, ,,,,,,,,,,
150.88,300,44.64, ,,,,,,,,,,
161.21,300,44.708, ,,,,,,,,,,
162.32,300,44.777, ,,,,,,,,,,
158.07,300,44.845, ,,,,,,,,,,
156.73,300,44.913, ,,,,,,,,,,
157.56,300,44.982, ,,,,,,,,,,
157.63,300,45.049, ,,,,,,,,,,
150.94,300,45.118, ,,,,,,,,,,
139.74,300,45.187, ,,,,,,,,,,
126.94,300,45.254, ,,,,,,,,,,
111.13,300,45.323, ,,,,,,,,,,
97.27,300,45.39, ,,,,,,,,,,
97.27,300,45.458, ,,,,,,,,,,
85.68,300,45.469, ,,,,,,,,,,
85.68,300,45.537, ,,,,,,,,,,
78.41,0,45.549, ,,,,,,,,,,
78.41,0,45.617, ,,,,,,,,,,
73.5,0,45.629, ,,,,,,,,,,
73.5,0,45.697, ,,,,,,,,,,
70.88,0,45.708, ,,,,,,,,,,
70.88,0,45.775, ,,,,,,,,,,
70.5,0,45.788, ,,,,,,,,,,
70.5,0,45.855, ,,,,,,,,,,
70.3,0,45.868, ,,,,,,,,,,
70.3,0,45.935, ,,,,,,,,,,
70.38,0,45.946, ,,,,,,,,,,
70.38,0,46.015, ,,,,,,,,,,
71.11,0,46.026, ,,,,,,,,,,
71.11,0,46.094, ,,,,,,,,,,
73.08,0,46.106, ,,,,,,,,,,
73.08,0,46.174, ,,,,,,,,,,
76.42,0,46.186, ,,,,,,,,,,
76.42,0,46.254, ,,,,,,,,,,
82.54,0,46.265, ,,,,,,,,,,
82.54,0,46.332, ,,,,,,,,,,
91.64,0,46.345, ,,,,,,,,,,
91.64,0,46.412, ,,,,,,,,,,
105.49,0,46.425, ,,,,,,,,,,
122.75,0,46.493, ,,,,,,,,,,
141.11,300,46.562, ,,,,,,,,,,
155.97,300,46.63, ,,,,,,,,,,
161.49,300,46.698, ,,,,,,,,,,
157.47,300,46.767, ,,,,,,,,,,
155.53,300,46.835, ,,,,,,,,,,
156.79,300,46.903, ,,,,,,,,,,
155.95,300,46.971, ,,,,,,,,,,
145.88,300,47.04, ,,,,,,,,,,
133.99,300,47.108, ,,,,,,,,,,
118.44,300,47.176, ,,,,,,,,,,
102.7,300,47.245, ,,,,,,,,,,
91.22,300,47.312, ,,,,,,,,,,
91.22,300,47.379, ,,,,,,,,,,
81.89,0,47.391, ,,,,,,,,,,
81.89,0,47.459, ,,,,,,,,,,
75.41,0,47.471, ,,,,,,,,,,
75.41,0,47.539, ,,,,,,,,,,
71.82,0,47.55, ,,,,,,,,,,
71.82,0,47.618, ,,,,,,,,,,
71.61,0,47.63, ,,,,,,,,,,
71.61,0,47.697, ,,,,,,,,,,
71.6,0,47.71, ,,,,,,,,,,
71.6,0,47.777, ,,,,,,,,,,
71.16,0,47.789, ,,,,,,,,,,
71.16,0,47.857, ,,,,,,,,,,
72.19,0,47.868, ,,,,,,,,,,
72.19,0,47.936, ,,,,,,,,,,
75.01,0,47.948, ,,,,,,,,,,
75.01,0,48.016, ,,,,,,,,,,
80.27,0,48.028, ,,,,,,,,,,
80.27,0,48.096, ,,,,,,,,,,
86.94,0,48.107, ,,,,,,,,,,
86.94,0,48.175, ,,,,,,,,,,
98.81,0,48.187, ,,,,,,,,,,
98.81,0,48.254, ,,,,,,,,,,
116.17,0,48.267, ,,,,,,,,,,
135.14,0,48.335, ,,,,,,,,,,
151.21,300,48.404, ,,,,,,,,,,
161.99,300,48.473, ,,,,,,,,,,
162.19,300,48.54, ,,,,,,,,,,
158.01,300,48.609, ,,,,,,,,,,
156.57,300,48.677, ,,,,,,,,,,
157.09,300,48.745, ,,,,,,,,,,
158.53,300,48.814, ,,,,,,,,,,
150.63,300,48.882, ,,,,,,,,,,
140.6,300,48.95, ,,,,,,,,,,
127.76,300,49.018, ,,,,,,,,,,
111.81,300,49.087, ,,,,,,,,,,
97.49,300,49.155, ,,,,,,,,,,
97.49,300,49.221, ,,,,,,,,,,
85.77,300,49.233, ,,,,,,,,,,
85.77,300,49.301, ,,,,,,,,,,
78.28,0,49.313, ,,,,,,,,,,
78.28,0,49.381, ,,,,,,,,,,
73.45,0,49.392, ,,,,,,,,,,
73.45,0,49.46, ,,,,,,,,,,
70.66,0,49.472, ,,,,,,,,,,
70.66,0,49.54, ,,,,,,,,,,
70.68,0,49.552, ,,,,,,,,,,
70.68,0,49.619, ,,,,,,,,,,
70.59,0,49.631, ,,,,,,,,,,
70.59,0,49.699, ,,,,,,,,,,
70.23,0,49.711, ,,,,,,,,,,
70.23,0,49.778, ,,,,,,,,,,
70.52,0,49.79, ,,,,,,,,,,
70.52,0,49.858, ,,,,,,,,,,
73.21,0,49.87, ,,,,,,,,,,
73.21,0,49.938, ,,,,,,,,,,
77.1,0,49.949, ,,,,,,,,,,
77.1,0,50.017, ,,,,,,,,,,
82.7,0,50.029, ,,,,,,,,,,
82.7,0,50.097, ,,,,,,,,,,
91.48,0,50.109, ,,,,,,,,,,
91.48,0,50.177, ,,,,,,,,,,
105.63,0,50.188, ,,,,,,,,,,
122.49,0,50.257, ,,,,,,,,,,
141.02,300,50.326, ,,,,,,,,,,
155.83,300,50.394, ,,,,,,,,,,
161.23,300,50.462, ,,,,,,,,,,
158.15,300,50.531, ,,,,,,,,,,
156.14,300,50.598, ,,,,,,,,,,
155.68,300,50.667, ,,,,,,,,,,
155.52,300,50.736, ,,,,,,,,,,
145.45,300,50.803, ,,,,,,,,,,
133.52,300,50.872, ,,,,,,,,,,
117.83,300,50.94, ,,,,,,,,,,
102.63,300,51.008, ,,,,,,,,,,
90.97,300,51.077, ,,,,,,,,,,
90.97,300,51.143, ,,,,,,,,,,
82.03,0,51.155, ,,,,,,,,,,
82.03,0,51.223, ,,,,,,,,,,
75.46,0,51.234, ,,,,,,,,,,
75.46,0,51.302, ,,,,,,,,,,
72.18,0,51.314, ,,,,,,,,,,
72.18,0,51.382, ,,,,,,,,,,
71.73,0,51.394, ,,,,,,,,,,
71.73,0,51.462, ,,,,,,,,,,
71.37,0,51.473, ,,,,,,,,,,
71.37,0,51.54, ,,,,,,,,,,
71.52,0,51.553, ,,,,,,,,,,
71.52,0,51.62, ,,,,,,,,,,
71.95,0,51.633, ,,,,,,,,,,
71.95,0,51.7, ,,,,,,,,,,
74.93,0,51.713, ,,,,,,,,,,
74.93,0,51.78, ,,,,,,,,,,
80,0,51.791, ,,,,,,,,,,
80,0,51.859, ,,,,,,,,,,
86.97,0,51.871, ,,,,,,,,,,
86.97,0,51.939, ,,,,,,,,,,
98.4,0,51.951, ,,,,,,,,,,
98.4,0,52.019, ,,,,,,,,,,
98.4,0,52.03, ,,,,,,,,,,
119,0,52.042, ,,,,,,,,,,
137.78,0,52.111, ,,,,,,,,,,
153.68,300,52.179, ,,,,,,,,,,
162.67,300,52.247, ,,,,,,,,,,
162.34,300,52.316, ,,,,,,,,,,
157.86,300,52.384, ,,,,,,,,,,
156.84,300,52.452, ,,,,,,,,,,
157.75,300,52.52, ,,,,,,,,,,
158.55,300,52.589, ,,,,,,,,,,
151.64,300,52.657, ,,,,,,,,,,
141.59,300,52.725, ,,,,,,,,,,
129.31,300,52.794, ,,,,,,,,,,
113.81,300,52.861, ,,,,,,,,,,
98.99,300,52.93, ,,,,,,,,,,
98.99,300,52.997, ,,,,,,,,,,
87.26,300,53.009, ,,,,,,,,,,
87.26,300,53.076, ,,,,,,,,,,
78.92,0,53.088, ,,,,,,,,,,
78.92,0,53.155, ,,,,,,,,,,
73.9,0,53.168, ,,,,,,,,,,
73.9,0,53.235, ,,,,,,,,,,
71.41,0,53.248, ,,,,,,,,,,
71.41,0,53.315, ,,,,,,,,,,
70.81,0,53.327, ,,,,,,,,,,
70.81,0,53.395, ,,,,,,,,,,
70.57,0,53.406, ,,,,,,,,,,
70.57,0,53.474, ,,,,,,,,,,
70.88,0,53.486, ,,,,,,,,,,
70.88,0,53.554, ,,,,,,,,,,
71.12,0,53.566, ,,,,,,,,,,
71.12,0,53.634, ,,,,,,,,,,
73.67,0,53.645, ,,,,,,,,,,
73.67,0,53.712, ,,,,,,,,,,
77.83,0,53.725, ,,,,,,,,,,
77.83,0,53.792, ,,,,,,,,,,
83.65,0,53.805, ,,,,,,,,,,
83.65,0,53.872, ,,,,,,,,,,
92.67,0,53.884, ,,,,,,,,,,
92.67,0,53.952, ,,,,,,,,,,
107.62,0,53.963, ,,,,,,,,,,
125.06,0,54.033, ,,,,,,,,,,
143.04,300,54.1, ,,,,,,,,,,
156.97,300,54.169, ,,,,,,,,,,
161.67,300,54.238, ,,,,,,,,,,
158.1,300,54.305, ,,,,,,,,,,
155.71,300,54.374, ,,,,,,,,,,
156.6,300,54.443, ,,,,,,,,,,
156.77,300,54.51, ,,,,,,,,,,
147.49,300,54.579, ,,,,,,,,,,
135.03,300,54.647, ,,,,,,,,,,
120.24,300,54.715, ,,,,,,,,,,
104.88,300,54.784, ,,,,,,,,,,
92.68,300,54.852, ,,,,,,,,,,
92.68,300,54.919, ,,,,,,,,,,
82.86,0,54.931, ,,,,,,,,,,
82.86,0,54.998, ,,,,,,,,,,
75.73,0,55.01, ,,,,,,,,,,
75.73,0,55.077, ,,,,,,,,,,
72.38,0,55.09, ,,,,,,,,,,
72.38,0,55.157, ,,,,,,,,,,
71.75,0,55.17, ,,,,,,,,,,
71.75,0,55.237, ,,,,,,,,,,
71.69,0,55.248, ,,,,,,,,,,
71.69,0,55.316, ,,,,,,,,,,
71.61,0,55.328, ,,,,,,,,,,
71.61,0,55.396, ,,,,,,,,,,
72.29,0,55.408, ,,,,,,,,,,
72.29,0,55.476, ,,,,,,,,,,
75.8,0,55.487, ,,,,,,,,,,
75.8,0,55.555, ,,,,,,,,,,
80.93,0,55.567, ,,,,,,,,,,
80.93,0,55.634, ,,,,,,,,,,
88,0,55.647, ,,,,,,,,,,
88,0,55.714, ,,,,,,,,,,
88,0,55.727, ,,,,,,,,,,
102.68,0,55.738, ,,,,,,,,,,
118.19,0,55.806, ,,,,,,,,,,
137.58,0,55.875, ,,,,,,,,,,
153.15,300,55.943, ,,,,,,,,,,
162.83,300,56.011, ,,,,,,,,,,
162.53,300,56.08, ,,,,,,,,,,
157.94,300,56.147, ,,,,,,,,,,
156.69,300,56.216, ,,,,,,,,,,
157.92,300,56.285, ,,,,,,,,,,
158.28,300,56.352, ,,,,,,,,,,
151.55,300,56.421, ,,,,,,,,,,
141.56,300,56.489, ,,,,,,,,,,
129.37,300,56.557, ,,,,,,,,,,
113.23,300,56.626, ,,,,,,,,,,
98.64,300,56.694, ,,,,,,,,,,
98.64,300,56.761, ,,,,,,,,,,
87.12,300,56.773, ,,,,,,,,,,
87.12,300,56.841, ,,,,,,,,,,
78.74,0,56.852, ,,,,,,,,,,
78.74,0,56.92, ,,,,,,,,,,
73.38,0,56.932, ,,,,,,,,,,
73.38,0,56.999, ,,,,,,,,,,
71.21,0,57.012, ,,,,,,,,,,
71.21,0,57.079, ,,,,,,,,,,
70.71,0,57.091, ,,,,,,,,,,
70.71,0,57.158, ,,,,,,,,,,
70.71,0,57.17, ,,,,,,,,,,
70.71,0,57.238, ,,,,,,,,,,
70.5,0,57.25, ,,,,,,,,,,
70.5,0,57.318, ,,,,,,,,,,
70.5,0,57.329, ,,,,,,,,,,
71.2,0,57.341, ,,,,,,,,,,
71.2,0,57.409, ,,,,,,,,,,
71.2,0,57.42, ,,,,,,,,,,
74.78,0,57.433, ,,,,,,,,,,
74.78,0,57.499, ,,,,,,,,,,
79.13,0,57.511, ,,,,,,,,,,
79.13,0,57.579, ,,,,,,,,,,
85.46,0,57.591, ,,,,,,,,,,
85.46,0,57.659, ,,,,,,,,,,
96.25,0,57.67, ,,,,,,,,,,
96.25,0,57.738, ,,,,,,,,,,
113.18,0,57.75, ,,,,,,,,,,
131.47,0,57.82, ,,,,,,,,,,
148.45,300,57.887, ,,,,,,,,,,
160.75,300,57.956, ,,,,,,,,,,
162.1,300,58.024, ,,,,,,,,,,
157.13,300,58.092, ,,,,,,,,,,
156.48,300,58.161, ,,,,,,,,,,
157.31,300,58.229, ,,,,,,,,,,
157.64,300,58.297, ,,,,,,,,,,
149.64,300,58.365, ,,,,,,,,,,
138.44,300,58.434, ,,,,,,,,,,
124.72,300,58.502, ,,,,,,,,,,
108.87,300,58.57, ,,,,,,,,,,
95.92,300,58.639, ,,,,,,,,,,
95.92,300,58.705, ,,,,,,,,,,
84.79,0,58.717, ,,,,,,,,,,
84.79,0,58.784, ,,,,,,,,,,
77.21,0,58.797, ,,,,,,,,,,
77.21,0,58.864, ,,,,,,,,,,
73.38,0,58.876, ,,,,,,,,,,
73.38,0,58.944, ,,,,,,,,,,
72.69,0,58.955, ,,,,,,,,,,
72.69,0,59.023, ,,,,,,,,,,
72.4,0,59.035, ,,,,,,,,,,
72.4,0,59.103, ,,,,,,,,,,
72.4,0,59.115, ,,,,,,,,,,
72.28,0,59.126, ,,,,,,,,,,
72.28,0,59.194, ,,,,,,,,,,
73.43,0,59.206, ,,,,,,,,,,
73.43,0,59.274, ,,,,,,,,,,
77.68,0,59.285, ,,,,,,,,,,
77.68,0,59.353, ,,,,,,,,,,
83.47,0,59.365, ,,,,,,,,,,
83.47,0,59.432, ,,,,,,,,,,
92.84,0,59.445, ,,,,,,,,,,
92.84,0,59.512, ,,,,,,,,,,
107.32,0,59.525, ,,,,,,,,,,
124.38,0,59.593, ,,,,,,,,,,
142.75,300,59.662, ,,,,,,,,,,
156.96,300,59.729, ,,,,,,,,,,
162.15,300,59.798, ,,,,,,,,,,
158.42,300,59.867, ,,,,,,,,,,
155.63,300,59.934, ,,,,,,,,,,
156.01,300,60.003, ,,,,,,,,,,
155.63,300,60.071, ,,,,,,,,,,
146.76,300,60.139, ,,,,,,,,,,
134.39,300,60.208, ,,,,,,,,,,
118.79,300,60.276, ,,,,,,,,,,
103.72,300,60.344, ,,,,,,,,,,
91.73,300,60.412, ,,,,,,,,,,
91.73,300,60.479, ,,,,,,,,,,
82.34,0,60.491, ,,,,,,,,,,
82.34,0,60.559, ,,,,,,,,,,
76.23,0,60.57, ,,,,,,,,,,
76.23,0,60.638, ,,,,,,,,,,
72.51,0,60.65, ,,,,,,,,,,
72.51,0,60.718, ,,,,,,,,,,
72.24,0,60.73, ,,,,,,,,,,
72.24,0,60.797, ,,,,,,,,,,
71.8,0,60.809, ,,,,,,,,,,
71.8,0,60.877, ,,,,,,,,,,
71.24,0,60.889, ,,,,,,,,,,
71.24,0,60.956, ,,,,,,,,,,
72.49,0,60.968, ,,,,,,,,,,
72.49,0,61.036, ,,,,,,,,,,
75.54,0,61.048, ,,,,,,,,,,
75.54,0,61.116, ,,,,,,,,,,
79.79,0,61.127, ,,,,,,,,,,
79.79,0,61.195, ,,,,,,,,,,
87.53,0,61.207, ,,,,,,,,,,
87.53,0,61.275, ,,,,,,,,,,
99.08,0,61.287, ,,,,,,,,,,
99.08,0,61.355, ,,,,,,,,,,
117.05,0,61.366, ,,,,,,,,,,
135.72,0,61.435, ,,,,,,,,,,
151.98,300,61.504, ,,,,,,,,,,
161.78,300,61.572, ,,,,,,,,,,
162.25,300,61.64, ,,,,,,,,,,
157.31,300,61.709, ,,,,,,,,,,
157.33,300,61.776, ,,,,,,,,,,
158.26,300,61.845, ,,,,,,,,,,
158.74,300,61.914, ,,,,,,,,,,
151.76,300,61.981, ,,,,,,,,,,
141.27,300,62.05, ,,,,,,,,,,
128.42,300,62.118, ,,,,,,,,,,
112.17,300,62.186, ,,,,,,,,,,
97.78,300,62.255, ,,,,,,,,,,
97.78,300,62.321, ,,,,,,,,,,
86.25,300,62.333, ,,,,,,,,,,
86.25,300,62.401, ,,,,,,,,,,
78.04,0,62.413, ,,,,,,,,,,
78.04,0,62.48, ,,,,,,,,,,
78.04,0,62.492, ,,,,,,,,,,
73.18,0,62.504, ,,,,,,,,,,
73.18,0,62.571, ,,,,,,,,,,
70.89,0,62.583, ,,,,,,,,,,
70.89,0,62.651, ,,,,,,,,,,
70.15,0,62.663, ,,,,,,,,,,
70.15,0,62.731, ,,,,,,,,,,
70.18,0,62.742, ,,,,,,,,,,
70.18,0,62.81, ,,,,,,,,,,
70.47,0,62.822, ,,,,,,,,,,
70.47,0,62.889, ,,,,,,,,,,
70.9,0,62.902, ,,,,,,,,,,
70.9,0,62.969, ,,,,,,,,,,
73.72,0,62.981, ,,,,,,,,,,
73.72,0,63.048, ,,,,,,,,,,
78.02,0,63.06, ,,,,,,,,,,
78.02,0,63.128, ,,,,,,,,,,
83.74,0,63.14, ,,,,,,,,,,
83.74,0,63.208, ,,,,,,,,,,
93.25,0,63.22, ,,,,,,,,,,
93.25,0,63.288, ,,,,,,,,,,
108.32,0,63.299, ,,,,,,,,,,
126.02,0,63.369, ,,,,,,,,,,
143.73,300,63.436, ,,,,,,,,,,
157.93,300,63.505, ,,,,,,,,,,
162.39,300,63.574, ,,,,,,,,,,
157.85,300,63.641, ,,,,,,,,,,
155.43,300,63.71, ,,,,,,,,,,
156.36,300,63.778, ,,,,,,,,,,
157.31,300,63.846, ,,,,,,,,,,
147.17,300,63.915, ,,,,,,,,,,
135.35,300,63.983, ,,,,,,,,,,
120.85,300,64.051, ,,,,,,,,,,
105,300,64.119, ,,,,,,,,,,
92.96,300,64.188, ,,,,,,,,,,
92.96,300,64.254, ,,,,,,,,,,
82.85,0,64.267, ,,,,,,,,,,
82.85,0,64.333, ,,,,,,,,,,
75.91,0,64.346, ,,,,,,,,,,
75.91,0,64.413, ,,,,,,,,,,
72.42,0,64.425, ,,,,,,,,,,
72.42,0,64.493, ,,,,,,,,,,
72.58,0,64.505, ,,,,,,,,,,
72.58,0,64.573, ,,,,,,,,,,
71.92,0,64.584, ,,,,,,,,,,
71.92,0,64.652, ,,,,,,,,,,
71.69,0,64.664, ,,,,,,,,,,
71.69,0,64.732, ,,,,,,,,,,
72.69,0,64.744, ,,,,,,,,,,
72.69,0,64.812, ,,,,,,,,,,
75.56,0,64.823, ,,,,,,,,,,
75.56,0,64.89, ,,,,,,,,,,
81.12,0,64.903, ,,,,,,,,,,
81.12,0,64.97, ,,,,,,,,,,
88.6,0,64.983, ,,,,,,,,,,
88.6,0,65.05, ,,,,,,,,,,
101.03,0,65.061, ,,,,,,,,,,
116.75,0,65.131, ,,,,,,,,,,
135.6,0,65.2, ,,,,,,,,,,
151.76,300,65.267, ,,,,,,,,,,
161.6,300,65.336, ,,,,,,,,,,
161.94,300,65.404, ,,,,,,,,,,
157.33,300,65.472, ,,,,,,,,,,
157.18,300,65.541, ,,,,,,,,,,
157.76,300,65.609, ,,,,,,,,,,
158.57,300,65.677, ,,,,,,,,,,
151.34,300,65.745, ,,,,,,,,,,
140.48,300,65.814, ,,,,,,,,,,
127.38,300,65.882, ,,,,,,,,,,
111.48,300,65.95, ,,,,,,,,,,
97.7,300,66.019, ,,,,,,,,,,
97.7,300,66.085, ,,,,,,,,,,
86.17,300,66.097, ,,,,,,,,,,
86.17,300,66.164, ,,,,,,,,,,
78.48,0,66.177, ,,,,,,,,,,
78.48,0,66.244, ,,,,,,,,,,
73.69,0,66.256, ,,,,,,,,,,
73.69,0,66.324, ,,,,,,,,,,
70.63,0,66.335, ,,,,,,,,,,
70.63,0,66.403, ,,,,,,,,,,
70.41,0,66.415, ,,,,,,,,,,
70.41,0,66.483, ,,,,,,,,,,
70.29,0,66.495, ,,,,,,,,,,
70.29,0,66.563, ,,,,,,,,,,
70.21,0,66.575, ,,,,,,,,,,
70.21,0,66.642, ,,,,,,,,,,
70.45,0,66.654, ,,,,,,,,,,
70.45,0,66.721, ,,,,,,,,,,
73.22,0,66.734, ,,,,,,,,,,
73.22,0,66.801, ,,,,,,,,,,
77,0,66.813, ,,,,,,,,,,
77,0,66.881, ,,,,,,,,,,
82.58,0,66.892, ,,,,,,,,,,
82.58,0,66.96, ,,,,,,,,,,
91.68,0,66.972, ,,,,,,,,,,
91.68,0,67.04, ,,,,,,,,,,
105.17,0,67.052, ,,,,,,,,,,
121.96,0,67.121, ,,,,,,,,,,
141.16,300,67.189, ,,,,,,,,,,
155.94,300,67.258, ,,,,,,,,,,
161.77,300,67.325, ,,,,,,,,,,
157.48,300,67.394, ,,,,,,,,,,
155.81,300,67.463, ,,,,,,,,,,
156.17,300,67.53, ,,,,,,,,,,
156.05,300,67.599, ,,,,,,,,,,
145.68,300,67.667, ,,,,,,,,,,
133.08,300,67.735, ,,,,,,,,,,
117.77,300,67.804, ,,,,,,,,,,
102.64,300,67.872, ,,,,,,,,,,
91.02,300,67.94, ,,,,,,,,,,
91.02,300,68.006, ,,,,,,,,,,
81.76,0,68.019, ,,,,,,,,,,
81.76,0,68.086, ,,,,,,,,,,
75.58,0,68.099, ,,,,,,,,,,
75.58,0,68.166, ,,,,,,,,,,
71.72,0,68.177, ,,,,,,,,,,
71.72,0,68.245, ,,,,,,,,,,
71.37,0,68.257, ,,,,,,,,,,
71.37,0,68.325, ,,,,,,,,,,
71.51,0,68.337, ,,,,,,,,,,
71.51,0,68.405, ,,,,,,,,,,
71.53,0,68.417, ,,,,,,,,,,
71.53,0,68.485, ,,,,,,,,,,
72.3,0,68.496, ,,,,,,,,,,
72.3,0,68.563, ,,,,,,,,,,
74.68,0,68.576, ,,,,,,,,,,
74.68,0,68.643, ,,,,,,,,,,
79.53,0,68.656, ,,,,,,,,,,
79.53,0,68.723, ,,,,,,,,,,
86.89,0,68.734, ,,,,,,,,,,
86.89,0,68.802, ,,,,,,,,,,
97.88,0,68.814, ,,,,,,,,,,
97.88,0,68.882, ,,,,,,,,,,
115.09,0,68.894, ,,,,,,,,,,
133.85,0,68.963, ,,,,,,,,,,
150.53,300,69.031, ,,,,,,,,,,
161.73,300,69.1, ,,,,,,,,,,
162.31,300,69.168, ,,,,,,,,,,
157.44,300,69.236, ,,,,,,,,,,
156.71,300,69.305, ,,,,,,,,,,
157.84,300,69.372, ,,,,,,,,,,
158.53,300,69.441, ,,,,,,,,,,
150.82,300,69.51, ,,,,,,,,,,
139.9,300,69.577, ,,,,,,,,,,
125.95,300,69.646, ,,,,,,,,,,
110.48,300,69.714, ,,,,,,,,,,
96.74,300,69.782, ,,,,,,,,,,
96.74,300,69.849, ,,,,,,,,,,
85.05,300,69.861, ,,,,,,,,,,
85.05,300,69.928, ,,,,,,,,,,
77.63,0,69.941, ,,,,,,,,,,
77.63,0,70.008, ,,,,,,,,,,
73.61,0,70.02, ,,,,,,,,,,
73.61,0,70.087, ,,,,,,,,,,
70.93,0,70.099, ,,,,,,,,,,
70.93,0,70.167, ,,,,,,,,,,
70.16,0,70.179, ,,,,,,,,,,
70.16,0,70.247, ,,,,,,,,,,
69.97,0,70.259, ,,,,,,,,,,
69.97,0,70.327, ,,,,,,,,,,
70.31,0,70.338, ,,,,,,,,,,
70.31,0,70.406, ,,,,,,,,,,
70.72,0,70.418, ,,,,,,,,,,
70.72,0,70.486, ,,,,,,,,,,
73.02,0,70.498, ,,,,,,,,,,
73.02,0,70.565, ,,,,,,,,,,
77.13,0,70.577, ,,,,,,,,,,
77.13,0,70.644, ,,,,,,,,,,
82.15,0,70.657, ,,,,,,,,,,
82.15,0,70.724, ,,,,,,,,,,
90.91,0,70.736, ,,,,,,,,,,
90.91,0,70.804, ,,,,,,,,,,
104.76,0,70.816, ,,,,,,,,,,
121.38,0,70.885, ,,,,,,,,,,
140.11,300,70.953, ,,,,,,,,,,
155.4,300,71.021, ,,,,,,,,,,
161.22,300,71.09, ,,,,,,,,,,
157.46,300,71.158, ,,,,,,,,,,
155.21,300,71.226, ,,,,,,,,,,
155.24,300,71.294, ,,,,,,,,,,
155.2,300,71.363, ,,,,,,,,,,
145.67,300,71.431, ,,,,,,,,,,
133.78,300,71.499, ,,,,,,,,,,
116.87,300,71.568, ,,,,,,,,,,
101.79,300,71.635, ,,,,,,,,,,
90.43,300,71.704, ,,,,,,,,,,
90.43,300,71.771, ,,,,,,,,,,
81.26,0,71.783, ,,,,,,,,,,
81.26,0,71.851, ,,,,,,,,,,
74.84,0,71.862, ,,,,,,,,,,
74.84,0,71.929, ,,,,,,,,,,
71.73,0,71.942, ,,,,,,,,,,
71.73,0,72.009, ,,,,,,,,,,
71.71,0,72.022, ,,,,,,,,,,
71.71,0,72.089, ,,,,,,,,,,
71.64,0,72.1, ,,,,,,,,,,
71.64,0,72.168, ,,,,,,,,,,
71.28,0,72.18, ,,,,,,,,,,
71.28,0,72.248, ,,,,,,,,,,
71.99,0,72.26, ,,,,,,,,,,
71.99,0,72.328, ,,,,,,,,,,
75.18,0,72.34, ,,,,,,,,,,
75.18,0,72.408, ,,,,,,,,,,
79.62,0,72.419, ,,,,,,,,,,
79.62,0,72.486, ,,,,,,,,,,
86.33,0,72.499, ,,,,,,,,,,
86.33,0,72.566, ,,,,,,,,,,
97.15,0,72.579, ,,,,,,,,,,
97.15,0,72.646, ,,,,,,,,,,
114.87,0,72.657, ,,,,,,,,,,
133.28,0,72.727, ,,,,,,,,,,
150.38,300,72.796, ,,,,,,,,,,
161.35,300,72.863, ,,,,,,,,,,
162.69,300,72.932, ,,,,,,,,,,
157.32,300,73, ,,,,,,,,,,
156.35,300,73.068, ,,,,,,,,,,
157.8,300,73.137, ,,,,,,,,,,
157.7,300,73.205, ,,,,,,,,,,
150.94,300,73.273, ,,,,,,,,,,
139.09,300,73.341, ,,,,,,,,,,
126.31,300,73.41, ,,,,,,,,,,
110.57,300,73.478, ,,,,,,,,,,
96.05,300,73.546, ,,,,,,,,,,
96.05,300,73.613, ,,,,,,,,,,
84.48,0,73.625, ,,,,,,,,,,
84.48,0,73.693, ,,,,,,,,,,
77.77,0,73.704, ,,,,,,,,,,
77.77,0,73.772, ,,,,,,,,,,
73.76,0,73.784, ,,,,,,,,,,
73.76,0,73.851, ,,,,,,,,,,
72.74,0,73.864, ,,,,,,,,,,
72.74,0,73.931, ,,,,,,,,,,
72.76,0,73.943, ,,,,,,,,,,
72.76,0,74.01, ,,,,,,,,,,
72.59,0,74.022, ,,,,,,,,,,
72.59,0,74.09, ,,,,,,,,,,
72.59,0,74.102, ,,,,,,,,,,
74.18,0,74.114, ,,,,,,,,,,
74.18,0,74.181, ,,,,,,,,,,
77.84,0,74.193, ,,,,,,,,,,
77.84,0,74.261, ,,,,,,,,,,
84.09,0,74.272, ,,,,,,,,,,
84.09,0,74.34, ,,,,,,,,,,
84.09,0,74.352, ,,,,,,,,,,
95.37,0,74.364, ,,,,,,,,,,
95.37,0,74.431, ,,,,,,,,,,
111.38,0,74.443, ,,,,,,,,,,
129.35,0,74.512, ,,,,,,,,,,
147.15,300,74.58, ,,,,,,,,,,
159.2,300,74.649, ,,,,,,,,,,
162.06,300,74.717, ,,,,,,,,,,
157.9,300,74.785, ,,,,,,,,,,
156.66,300,74.854, ,,,,,,,,,,
157.46,300,74.921, ,,,,,,,,,,
158.02,300,74.99, ,,,,,,,,,,
151.39,300,75.059, ,,,,,,,,,,
140.55,300,75.126, ,,,,,,,,,,
126.16,300,75.195, ,,,,,,,,,,
110.27,300,75.264, ,,,,,,,,,,
96.25,300,75.331, ,,,,,,,,,,
96.25,300,75.398, ,,,,,,,,,,
85.76,300,75.41, ,,,,,,,,,,
85.76,300,75.478, ,,,,,,,,,,
78.57,0,75.49, ,,,,,,,,,,
78.57,0,75.557, ,,,,,,,,,,
73.87,0,75.569, ,,,,,,,,,,
73.87,0,75.636, ,,,,,,,,,,
71.94,0,75.649, ,,,,,,,,,,
71.94,0,75.716, ,,,,,,,,,,
71.9,0,75.728, ,,,,,,,,,,
71.9,0,75.796, ,,,,,,,,,,
71.5,0,75.807, ,,,,,,,,,,
71.5,0,75.876, ,,,,,,,,,,
71.5,0,75.887, ,,,,,,,,,,
71.5,0,75.955, ,,,,,,,,,,
72.14,0,75.967, ,,,,,,,,,,
72.14,0,76.035, ,,,,,,,,,,
74.37,0,76.047, ,,,,,,,,,,
74.37,0,76.114, ,,,,,,,,,,
77.86,0,76.126, ,,,,,,,,,,
77.86,0,76.193, ,,,,,,,,,,
82.63,0,76.206, ,,,,,,,,,,
82.63,0,76.273, ,,,,,,,,,,
90.84,0,76.285, ,,,,,,,,,,
90.84,0,76.353, ,,,,,,,,,,
103.88,0,76.364, ,,,,,,,,,,
119.86,0,76.434, ,,,,,,,,,,
138.7,0,76.503, ,,,,,,,,,,
155.43,300,76.57, ,,,,,,,,,,
165.74,300,76.639, ,,,,,,,,,,
165.98,300,76.707, ,,,,,,,,,,
162.1,300,76.775, ,,,,,,,,,,
160.27,300,76.844, ,,,,,,,,,,
161.23,300,76.912, ,,,,,,,,,,
161.52,300,76.98, ,,,,,,,,,,
154.28,300,77.048, ,,,,,,,,,,
143.46,300,77.117, ,,,,,,,,,,
130.45,300,77.185, ,,,,,,,,,,
114.51,300,77.253, ,,,,,,,,,,
100.04,300,77.321, ,,,,,,,,,,
89.98,300,77.389, ,,,,,,,,,,
89.98,300,77.456, ,,,,,,,,,,
80.65,0,77.468, ,,,,,,,,,,
80.65,0,77.536, ,,,,,,,,,,
75.56,0,77.548, ,,,,,,,,,,
75.56,0,77.616, ,,,,,,,,,,
73.11,0,77.627, ,,,,,,,,,,
73.11,0,77.694, ,,,,,,,,,,
72.26,0,77.707, ,,,,,,,,,,
72.26,0,77.774, ,,,,,,,,,,
72.53,0,77.787, ,,,,,,,,,,
72.53,0,77.854, ,,,,,,,,,,
71.86,0,77.865, ,,,,,,,,,,
71.86,0,77.933, ,,,,,,,,,,
72.62,0,77.945, ,,,,,,,,,,
72.62,0,78.013, ,,,,,,,,,,
75.28,0,78.025, ,,,,,,,,,,
75.28,0,78.093, ,,,,,,,,,,
79.35,0,78.105, ,,,,,,,,,,
79.35,0,78.173, ,,,,,,,,,,
85.55,0,78.184, ,,,,,,,,,,
85.55,0,78.252, ,,,,,,,,,,
95.27,0,78.264, ,,,,,,,,,,
95.27,0,78.331, ,,,,,,,,,,
111.01,0,78.344, ,,,,,,,,,,
129.44,0,78.412, ,,,,,,,,,,
147.47,300,78.481, ,,,,,,,,,,
161.81,300,78.55, ,,,,,,,,,,
165.05,300,78.617, ,,,,,,,,,,
161.31,300,78.686, ,,,,,,,,,,
159.26,300,78.754, ,,,,,,,,,,
160.28,300,78.822, ,,,,,,,,,,
159.71,300,78.891, ,,,,,,,,,,
151.36,300,78.958, ,,,,,,,,,,
138.73,300,79.027, ,,,,,,,,,,
123.88,300,79.095, ,,,,,,,,,,
107.97,300,79.163, ,,,,,,,,,,
94.69,300,79.232, ,,,,,,,,,,
94.69,300,79.298, ,,,,,,,,,,
84.52,0,79.31, ,,,,,,,,,,
84.52,0,79.378, ,,,,,,,,,,
77.2,0,79.389, ,,,,,,,,,,
77.2,0,79.458, ,,,,,,,,,,
72.9,0,79.469, ,,,,,,,,,,
72.9,0,79.537, ,,,,,,,,,,
71.37,0,79.549, ,,,,,,,,,,
71.37,0,79.617, ,,,,,,,,,,
71.5,0,79.629, ,,,,,,,,,,
71.5,0,79.696, ,,,,,,,,,,
71.67,0,79.708, ,,,,,,,,,,
71.67,0,79.775, ,,,,,,,,,,
72.95,0,79.788, ,,,,,,,,,,
72.95,0,79.855, ,,,,,,,,,,
75.93,0,79.867, ,,,,,,,,,,
75.93,0,79.935, ,,,,,,,,,,
80.76,0,79.947, ,,,,,,,,,,
80.76,0,80.015, ,,,,,,,,,,
88.31,0,80.026, ,,,,,,,,,,
88.31,0,80.095, ,,,,,,,,,,
100.59,0,80.106, ,,,,,,,,,,
116.61,0,80.176, ,,,,,,,,,,
134.81,0,80.244, ,,,,,,,,,,
151.62,300,80.312, ,,,,,,,,,,
161.73,300,80.38, ,,,,,,,,,,
162.37,300,80.449, ,,,,,,,,,,
157.69,300,80.517, ,,,,,,,,,,
156.25,300,80.585, ,,,,,,,,,,
157.66,300,80.654, ,,,,,,,,,,
157.57,300,80.722, ,,,,,,,,,,
150.56,300,80.79, ,,,,,,,,,,
140.4,300,80.859, ,,,,,,,,,,
127.24,300,80.927, ,,,,,,,,,,
111.42,300,80.995, ,,,,,,,,,,
97.64,300,81.063, ,,,,,,,,,,
97.64,300,81.13, ,,,,,,,,,,
86.22,300,81.142, ,,,,,,,,,,
86.22,300,81.21, ,,,,,,,,,,
77.96,0,81.222, ,,,,,,,,,,
77.96,0,81.29, ,,,,,,,,,,
73.36,0,81.301, ,,,,,,,,,,
73.36,0,81.37, ,,,,,,,,,,
70.89,0,81.381, ,,,,,,,,,,
70.89,0,81.448, ,,,,,,,,,,
70.08,0,81.461, ,,,,,,,,,,
70.08,0,81.528, ,,,,,,,,,,
70.3,0,81.541, ,,,,,,,,,,
70.3,0,81.608, ,,,,,,,,,,
70.5,0,81.62, ,,,,,,,,,,
70.5,0,81.688, ,,,,,,,,,,
70.5,0,81.699, ,,,,,,,,,,
71.17,0,81.712, ,,,,,,,,,,
71.17,0,81.779, ,,,,,,,,,,
73.37,0,81.79, ,,,,,,,,,,
73.37,0,81.858, ,,,,,,,,,,
77.81,0,81.87, ,,,,,,,,,,
77.81,0,81.938, ,,,,,,,,,,
83.81,0,81.95, ,,,,,,,,,,
83.81,0,82.018, ,,,,,,,,,,
83.81,0,82.03, ,,,,,,,,,,
95.15,0,82.041, ,,,,,,,,,,
95.15,0,82.109, ,,,,,,,,,,
111.18,0,82.121, ,,,,,,,,,,
129.21,0,82.19, ,,,,,,,,,,
147.1,300,82.258, ,,,,,,,,,,
159.47,300,82.327, ,,,,,,,,,,
162.13,300,82.395, ,,,,,,,,,,
158.4,300,82.463, ,,,,,,,,,,
156.31,300,82.532, ,,,,,,,,,,
157.02,300,82.599, ,,,,,,,,,,
156.87,300,82.668, ,,,,,,,,,,
148.14,300,82.737, ,,,,,,,,,,
136.96,300,82.805, ,,,,,,,,,,
122.62,300,82.873, ,,,,,,,,,,
106.93,300,82.941, ,,,,,,,,,,
94.25,300,83.01, ,,,,,,,,,,
94.25,300,83.077, ,,,,,,,,,,
83.3,0,83.089, ,,,,,,,,,,
83.3,0,83.156, ,,,,,,,,,,
83.3,0,83.168, ,,,,,,,,,,
75.97,0,83.18, ,,,,,,,,,,
75.97,0,83.247, ,,,,,,,,,,
72.76,0,83.259, ,,,,,,,,,,
72.76,0,83.326, ,,,,,,,,,,
72.37,0,83.339, ,,,,,,,,,,
72.37,0,83.406, ,,,,,,,,,,
72.36,0,83.419, ,,,,,,,,,,
72.36,0,83.486, ,,,,,,,,,,
71.67,0,83.497, ,,,,,,,,,,
71.67,0,83.566, ,,,,,,,,,,
73.29,0,83.577, ,,,,,,,,,,
73.29,0,83.645, ,,,,,,,,,,
77.02,0,83.657, ,,,,,,,,,,
77.02,0,83.725, ,,,,,,,,,,
77.02,0,83.737, ,,,,,,,,,,
83.26,0,83.748, ,,,,,,,,,,
83.26,0,83.816, ,,,,,,,,,,
92.92,0,83.828, ,,,,,,,,,,
92.92,0,83.896, ,,,,,,,,,,
107.58,0,83.907, ,,,,,,,,,,
125.09,0,83.977, ,,,,,,,,,,
143.66,300,84.045, ,,,,,,,,,,
158.01,300,84.114, ,,,,,,,,,,
161.78,300,84.182, ,,,,,,,,,,
157.56,300,84.25, ,,,,,,,,,,
155.04,300,84.319, ,,,,,,,,,,
156.47,300,84.386, ,,,,,,,,,,
156.95,300,84.455, ,,,,,,,,,,
147.87,300,84.524, ,,,,,,,,,,
134.74,300,84.591, ,,,,,,,,,,
119.88,300,84.66, ,,,,,,,,,,
104.29,300,84.728, ,,,,,,,,,,
92.29,300,84.797, ,,,,,,,,,,
92.29,300,84.864, ,,,,,,,,,,
82.34,0,84.876, ,,,,,,,,,,
82.34,0,84.942, ,,,,,,,,,,
76.05,0,84.955, ,,,,,,,,,,
76.05,0,85.022, ,,,,,,,,,,
76.05,0,85.035, ,,,,,,,,,,
71.86,0,85.047, ,,,,,,,,,,
71.86,0,85.113, ,,,,,,,,,,
71.47,0,85.126, ,,,,,,,,,,
71.47,0,85.193, ,,,,,,,,,,
71.81,0,85.206, ,,,,,,,,,,
71.81,0,85.273, ,,,,,,,,,,
71.49,0,85.284, ,,,,,,,,,,
71.49,0,85.352, ,,,,,,,,,,
71.49,0,85.364, ,,,,,,,,,,
72.74,0,85.377, ,,,,,,,,,,
72.74,0,85.443, ,,,,,,,,,,
76.59,0,85.455, ,,,,,,,,,,
76.59,0,85.523, ,,,,,,,,,,
76.59,0,85.535, ,,,,,,,,,,
83.51,0,85.547, ,,,,,,,,,,
83.51,0,85.614, ,,,,,,,,,,
91.96,0,85.626, ,,,,,,,,,,
91.96,0,85.694, ,,,,,,,,,,
107.48,0,85.706, ,,,,,,,,,,
124.88,0,85.775, ,,,,,,,,,,
143.71,300,85.843, ,,,,,,,,,,
157.17,300,85.912, ,,,,,,,,,,
162.34,300,85.98, ,,,,,,,,,,
157.5,300,86.048, ,,,,,,,,,,
156.35,300,86.117, ,,,,,,,,,,
156.18,300,86.184, ,,,,,,,,,,
156.05,300,86.253, ,,,,,,,,,,
146.99,300,86.322, ,,,,,,,,,,
134.87,300,86.39, ,,,,,,,,,,
119.96,300,86.458, ,,,,,,,,,,
103.79,300,86.526, ,,,,,,,,,,
92.2,300,86.595, ,,,,,,,,,,
92.2,300,86.662, ,,,,,,,,,,
82.01,0,86.674, ,,,,,,,,,,
82.01,0,86.742, ,,,,,,,,,,
75.65,0,86.753, ,,,,,,,,,,
75.65,0,86.82, ,,,,,,,,,,
72.05,0,86.833, ,,,,,,,,,,
72.05,0,86.9, ,,,,,,,,,,
72.05,0,86.913, ,,,,,,,,,,
71.58,0,86.924, ,,,,,,,,,,
71.58,0,86.991, ,,,,,,,,,,
71.72,0,87.004, ,,,,,,,,,,
71.72,0,87.071, ,,,,,,,,,,
71.57,0,87.084, ,,,,,,,,,,
71.57,0,87.151, ,,,,,,,,,,
72.75,0,87.162, ,,,,,,,,,,
72.75,0,87.23, ,,,,,,,,,,
76.54,0,87.242, ,,,,,,,,,,
76.54,0,87.31, ,,,,,,,,,,
81.23,0,87.322, ,,,,,,,,,,
81.23,0,87.39, ,,,,,,,,,,
89.28,0,87.402, ,,,,,,,,,,
89.28,0,87.47, ,,,,,,,,,,
102.43,0,87.481, ,,,,,,,,,,
119.24,0,87.55, ,,,,,,,,,,
137.54,0,87.619, ,,,,,,,,,,
153.18,300,87.687, ,,,,,,,,,,
162.3,300,87.755, ,,,,,,,,,,
161.55,300,87.824, ,,,,,,,,,,
157.23,300,87.892, ,,,,,,,,,,
156.92,300,87.96, ,,,,,,,,,,
158.31,300,88.029, ,,,,,,,,,,
158.32,300,88.097, ,,,,,,,,,,
151.3,300,88.165, ,,,,,,,,,,
140.87,300,88.233, ,,,,,,,,,,
128.74,300,88.302, ,,,,,,,,,,
113.11,300,88.371, ,,,,,,,,,,
99.1,300,88.438, ,,,,,,,,,,
99.1,300,88.505, ,,,,,,,,,,
86.57,300,88.517, ,,,,,,,,,,
86.57,300,88.585, ,,,,,,,,,,
78.12,0,88.597, ,,,,,,,,,,
78.12,0,88.665, ,,,,,,,,,,
73.61,0,88.677, ,,,,,,,,,,
73.61,0,88.744, ,,,,,,,,,,
71.31,0,88.756, ,,,,,,,,,,
71.31,0,88.824, ,,,,,,,,,,
70.55,0,88.836, ,,,,,,,,,,
70.55,0,88.903, ,,,,,,,,,,
70.72,0,88.915, ,,,,,,,,,,
70.72,0,88.983, ,,,,,,,,,,
70.8,0,88.995, ,,,,,,,,,,
70.8,0,89.063, ,,,,,,,,,,
70.8,0,89.075, ,,,,,,,,,,
70.92,0,89.086, ,,,,,,,,,,
70.92,0,89.154, ,,,,,,,,,,
73.64,0,89.165, ,,,,,,,,,,
73.64,0,89.234, ,,,,,,,,,,
77.36,0,89.245, ,,,,,,,,,,
77.36,0,89.313, ,,,,,,,,,,
83.45,0,89.325, ,,,,,,,,,,
83.45,0,89.393, ,,,,,,,,,,
92.63,0,89.405, ,,,,,,,,,,
92.63,0,89.473, ,,,,,,,,,,
92.63,0,89.485, ,,,,,,,,,,
110.31,0,89.496, ,,,,,,,,,,
128.42,0,89.565, ,,,,,,,,,,
146.17,300,89.633, ,,,,,,,,,,
158.68,300,89.702, ,,,,,,,,,,
161.71,300,89.771, ,,,,,,,,,,
157.62,300,89.838, ,,,,,,,,,,
155.95,300,89.907, ,,,,,,,,,,
156.76,300,89.975, ,,,,,,,,,,
156.5,300,90.043, ,,,,,,,,,,
147.38,300,90.112, ,,,,,,,,,,
136.62,300,90.18, ,,,,,,,,,,
121.45,300,90.248, ,,,,,,,,,,
105.82,300,90.316, ,,,,,,,,,,
93.5,300,90.385, ,,,,,,,,,,
93.5,300,90.451, ,,,,,,,,,,
83.48,0,90.464, ,,,,,,,,,,
83.48,0,90.531, ,,,,,,,,,,
76.34,0,90.543, ,,,,,,,,,,
76.34,0,90.611, ,,,,,,,,,,
72.51,0,90.622, ,,,,,,,,,,
72.51,0,90.69, ,,,,,,,,,,
72.03,0,90.702, ,,,,,,,,,,
72.03,0,90.77, ,,,,,,,,,,
72.03,0,90.782, ,,,,,,,,,,
72.06,0,90.793, ,,,,,,,,,,
72.06,0,90.861, ,,,,,,,,,,
71.57,0,90.873, ,,,,,,,,,,
71.57,0,90.941, ,,,,,,,,,,
72.96,0,90.952, ,,,,,,,,,,
72.96,0,91.021, ,,,,,,,,,,
76.54,0,91.032, ,,,,,,,,,,
76.54,0,91.1, ,,,,,,,,,,
82.34,0,91.112, ,,,,,,,,,,
82.34,0,91.18, ,,,,,,,,,,
90.67,0,91.192, ,,,,,,,,,,
90.67,0,91.259, ,,,,,,,,,,
104.78,0,91.272, ,,,,,,,,,,
121.81,0,91.34, ,,,,,,,,,,
140.24,300,91.409, ,,,,,,,,,,
154.93,300,91.478, ,,,,,,,,,,
161.47,300,91.545, ,,,,,,,,,,
157.63,300,91.614, ,,,,,,,,,,
155.41,300,91.682, ,,,,,,,,,,
155.65,300,91.751, ,,,,,,,,,,
155.7,300,91.819, ,,,,,,,,,,
145.55,300,91.887, ,,,,,,,,,,
132.55,300,91.956, ,,,,,,,,,,
116.56,300,92.023, ,,,,,,,,,,
101.93,300,92.092, ,,,,,,,,,,
90.29,300,92.161, ,,,,,,,,,,
90.29,300,92.227, ,,,,,,,,,,
81.16,0,92.239, ,,,,,,,,,,
81.16,0,92.307, ,,,,,,,,,,
75.44,0,92.318, ,,,,,,,,,,
75.44,0,92.386, ,,,,,,,,,,
71.86,0,92.398, ,,,,,,,,,,
71.86,0,92.466, ,,,,,,,,,,
71.41,0,92.478, ,,,,,,,,,,
71.41,0,92.546, ,,,,,,,,,,
71.02,0,92.558, ,,,,,,,,,,
71.02,0,92.625, ,,,,,,,,,,
71.23,0,92.637, ,,,,,,,,,,
71.23,0,92.705, ,,,,,,,,,,
71.8,0,92.717, ,,,,,,,,,,
71.8,0,92.784, ,,,,,,,,,,
71.8,0,92.796, ,,,,,,,,,,
75.3,0,92.809, ,,,,,,,,,,
75.3,0,92.875, ,,,,,,,,,,
81.01,0,92.888, ,,,,,,,,,,
81.01,0,92.955, ,,,,,,,,,,
87.76,0,92.967, ,,,,,,,,,,
87.76,0,93.035, ,,,,,,,,,,
87.76,0,93.046, ,,,,,,,,,,
102.41,0,93.059, ,,,,,,,,,,
118.86,0,93.127, ,,,,,,,,,,
137.47,0,93.196, ,,,,,,,,,,
153.29,300,93.264, ,,,,,,,,,,
162.76,300,93.332, ,,,,,,,,,,
161.57,300,93.401, ,,,,,,,,,,
157.49,300,93.469, ,,,,,,,,,,
156.19,300,93.537, ,,,,,,,,,,
158.26,300,93.605, ,,,,,,,,,,
158.49,300,93.674, ,,,,,,,,,,
151.89,300,93.743, ,,,,,,,,,,
141.36,300,93.81, ,,,,,,,,,,
129.24,300,93.879, ,,,,,,,,,,
112.66,300,93.947, ,,,,,,,,,,
99.01,300,94.015, ,,,,,,,,,,
99.01,300,94.083, ,,,,,,,,,,
86.66,300,94.094, ,,,,,,,,,,
86.66,300,94.161, ,,,,,,,,,,
78.26,0,94.174, ,,,,,,,,,,
78.26,0,94.241, ,,,,,,,,,,
73.68,0,94.254, ,,,,,,,,,,
73.68,0,94.321, ,,,,,,,,,,
71.26,0,94.333, ,,,,,,,,,,
71.26,0,94.401, ,,,,,,,,,,
71.01,0,94.412, ,,,,,,,,,,
71.01,0,94.48, ,,,,,,,,,,
70.36,0,94.492, ,,,,,,,,,,
70.36,0,94.56, ,,,,,,,,,,
70.06,0,94.572, ,,,,,,,,,,
70.06,0,94.64, ,,,,,,,,,,
70.7,0,94.652, ,,,,,,,,,,
70.7,0,94.72, ,,,,,,,,,,
73.7,0,94.731, ,,,,,,,,,,
73.7,0,94.799, ,,,,,,,,,,
77.4,0,94.811, ,,,,,,,,,,
77.4,0,94.878, ,,,,,,,,,,
77.4,0,94.891, ,,,,,,,,,,
84.6,0,94.903, ,,,,,,,,,,
84.6,0,94.969, ,,,,,,,,,,
93.81,0,94.982, ,,,,,,,,,,
93.81,0,95.049, ,,,,,,,,,,
110,0,95.062, ,,,,,,,,,,
128.15,0,95.13, ,,,,,,,,,,
146.16,300,95.199, ,,,,,,,,,,
158.73,300,95.267, ,,,,,,,,,,
162.12,300,95.335, ,,,,,,,,,,
157.97,300,95.404, ,,,,,,,,,,
156.48,300,95.472, ,,,,,,,,,,
156.81,300,95.541, ,,,,,,,,,,
157.18,300,95.608, ,,,,,,,,,,
148.75,300,95.677, ,,,,,,,,,,
136.69,300,95.746, ,,,,,,,,,,
122.28,300,95.813, ,,,,,,,,,,
106.3,300,95.882, ,,,,,,,,,,
93.64,300,95.95, ,,,,,,,,,,
93.64,300,96.017, ,,,,,,,,,,
83.09,0,96.029, ,,,,,,,,,,
83.09,0,96.097, ,,,,,,,,,,
83.09,0,96.108, ,,,,,,,,,,
75.88,0,96.12, ,,,,,,,,,,
75.88,0,96.188, ,,,,,,,,,,
75.88,0,96.199, ,,,,,,,,,,
72.13,0,96.211, ,,,,,,,,,,
72.13,0,96.279, ,,,,,,,,,,
72.02,0,96.29, ,,,,,,,,,,
72.02,0,96.358, ,,,,,,,,,,
72.1,0,96.37, ,,,,,,,,,,
72.1,0,96.438, ,,,,,,,,,,
71.84,0,96.45, ,,,,,,,,,,
71.84,0,96.518, ,,,,,,,,,,
71.84,0,96.529, ,,,,,,,,,,
73.72,0,96.541, ,,,,,,,,,,
73.72,0,96.609, ,,,,,,,,,,
77.82,0,96.62, ,,,,,,,,,,
77.82,0,96.688, ,,,,,,,,,,
84.05,0,96.7, ,,,,,,,,,,
84.05,0,96.768, ,,,,,,,,,,
84.05,0,96.78, ,,,,,,,,,,
95.35,0,96.792, ,,,,,,,,,,
95.35,0,96.859, ,,,,,,,,,,
111.85,0,96.871, ,,,,,,,,,,
130.86,0,96.941, ,,,,,,,,,,
148.55,300,97.008, ,,,,,,,,,,
160.08,300,97.077, ,,,,,,,,,,
161.91,300,97.145, ,,,,,,,,,,
157.96,300,97.213, ,,,,,,,,,,
156.06,300,97.282, ,,,,,,,,,,
157.74,300,97.35, ,,,,,,,,,,
157.38,300,97.418, ,,,,,,,,,,
149.32,300,97.486, ,,,,,,,,,,
137.85,300,97.555, ,,,,,,,,,,
123.81,300,97.624, ,,,,,,,,,,
107.8,300,97.691, ,,,,,,,,,,
94.66,300,97.76, ,,,,,,,,,,
94.66,300,97.826, ,,,,,,,,,,
83.95,0,97.839, ,,,,,,,,,,
83.95,0,97.906, ,,,,,,,,,,
76.87,0,97.918, ,,,,,,,,,,
76.87,0,97.986, ,,,,,,,,,,
73.18,0,97.997, ,,,,,,,,,,
73.18,0,98.065, ,,,,,,,,,,
72.83,0,98.077, ,,,,,,,,,,
72.83,0,98.145, ,,,,,,,,,,
72.31,0,98.157, ,,,,,,,,,,
72.31,0,98.225, ,,,,,,,,,,
72.25,0,98.237, ,,,,,,,,,,
72.25,0,98.305, ,,,,,,,,,,
72.95,0,98.316, ,,,,,,,,,,
72.95,0,98.384, ,,,,,,,,,,
76.62,0,98.396, ,,,,,,,,,,
76.62,0,98.463, ,,,,,,,,,,
82.26,0,98.476, ,,,,,,,,,,
82.26,0,98.543, ,,,,,,,,,,
90.55,0,98.555, ,,,,,,,,,,
90.55,0,98.623, ,,,,,,,,,,
104.18,0,98.635, ,,,,,,,,,,
120.95,0,98.704, ,,,,,,,,,,
139.65,0,98.772, ,,,,,,,,,,
155.04,300,98.841, ,,,,,,,,,,
163.16,300,98.909, ,,,,,,,,,,
161.77,300,98.977, ,,,,,,,,,,
157.52,300,99.046, ,,,,,,,,,,
156.79,300,99.113, ,,,,,,,,,,
158.57,300,99.182, ,,,,,,,,,,
158.37,300,99.251, ,,,,,,,,,,
151.8,300,99.319, ,,,,,,,,,,
142.42,300,99.387, ,,,,,,,,,,
130.15,300,99.456, ,,,,,,,,,,
114.53,300,99.524, ,,,,,,,,,,
100.12,300,99.592, ,,,,,,,,,,
88.56,300,99.66, ,,,,,,,,,,
88.56,300,99.727, ,,,,,,,,,,
80.51,0,99.739, ,,,,,,,,,,
80.51,0,99.807, ,,,,,,,,,,
74.94,0,99.819, ,,,,,,,,,,
74.94,0,99.887, ,,,,,,,,,,
71.77,0,99.898, ,,,,,,,,,,
71.77,0,99.966, ,,,,,,,,,,
71.38,0,99.978, ,,,,,,,,,,
71.38,0,100.045, ,,,,,,,,,,
70.84,0,100.058, ,,,,,,,,,,
70.84,0,100.125, ,,,,,,,,,,
70.97,0,100.137, ,,,,,,,,,,
70.97,0,100.205, ,,,,,,,,,,
71.55,0,100.217, ,,,,,,,,,,
71.55,0,100.285, ,,,,,,,,,,
74.29,0,100.296, ,,,,,,,,,,
74.29,0,100.364, ,,,,,,,,,,
78.29,0,100.376, ,,,,,,,,,,
78.29,0,100.444, ,,,,,,,,,,
85.14,0,100.456, ,,,,,,,,,,
85.14,0,100.524, ,,,,,,,,,,
95.5,0,100.536, ,,,,,,,,,,
95.5,0,100.603, ,,,,,,,,,,
111.71,0,100.615, ,,,,,,,,,,
130.04,0,100.684, ,,,,,,,,,,
147.9,300,100.753, ,,,,,,,,,,
160.29,300,100.822, ,,,,,,,,,,
162.89,300,100.889, ,,,,,,,,,,
158.66,300,100.958, ,,,,,,,,,,
156.15,300,101.026, ,,,,,,,,,,
157.3,300,101.094, ,,,,,,,,,,
157.24,300,101.163, ,,,,,,,,,,
149.11,300,101.231, ,,,,,,,,,,
137.44,300,101.3, ,,,,,,,,,,
123.76,300,101.367, ,,,,,,,,,,
107.18,300,101.436, ,,,,,,,,,,
94.02,300,101.505, ,,,,,,,,,,
94.02,300,101.571, ,,,,,,,,,,
83.94,0,101.583, ,,,,,,,,,,
83.94,0,101.651, ,,,,,,,,,,
77.14,0,101.662, ,,,,,,,,,,
77.14,0,101.73, ,,,,,,,,,,
72.92,0,101.742, ,,,,,,,,,,
72.92,0,101.81, ,,,,,,,,,,
72.15,0,101.822, ,,,,,,,,,,
72.15,0,101.89, ,,,,,,,,,,
72.35,0,101.902, ,,,,,,,,,,
72.35,0,101.969, ,,,,,,,,,,
72.47,0,101.981, ,,,,,,,,,,
72.47,0,102.048, ,,,,,,,,,,
72.72,0,102.061, ,,,,,,,,,,
72.72,0,102.128, ,,,,,,,,,,
76.83,0,102.14, ,,,,,,,,,,
76.83,0,102.208, ,,,,,,,,,,
81.96,0,102.22, ,,,,,,,,,,
81.96,0,102.288, ,,,,,,,,,,
89.94,0,102.299, ,,,,,,,,,,
89.94,0,102.368, ,,,,,,,,,,
103.12,0,102.379, ,,,,,,,,,,
119.18,0,102.449, ,,,,,,,,,,
138.44,0,102.517, ,,,,,,,,,,
154.41,300,102.585, ,,,,,,,,,,
162.84,300,102.653, ,,,,,,,,,,
161.87,300,102.722, ,,,,,,,,,,
156.94,300,102.79, ,,,,,,,,,,
157.01,300,102.858, ,,,,,,,,,,
158.03,300,102.927, ,,,,,,,,,,
158.7,300,102.994, ,,,,,,,,,,
151.5,300,103.063, ,,,,,,,,,,
141.35,300,103.132, ,,,,,,,,,,
129.33,300,103.2, ,,,,,,,,,,
113.82,300,103.268, ,,,,,,,,,,
99.64,300,103.336, ,,,,,,,,,,
99.64,300,103.403, ,,,,,,,,,,
87.54,300,103.415, ,,,,,,,,,,
87.54,300,103.483, ,,,,,,,,,,
78.91,0,103.495, ,,,,,,,,,,
78.91,0,103.563, ,,,,,,,,,,
74.02,0,103.574, ,,,,,,,,,,
74.02,0,103.643, ,,,,,,,,,,
71.34,0,103.654, ,,,,,,,,,,
71.34,0,103.721, ,,,,,,,,,,
70.66,0,103.734, ,,,,,,,,,,
70.66,0,103.801, ,,,,,,,,,,
70.55,0,103.814, ,,,,,,,,,,
70.55,0,103.881, ,,,,,,,,,,
70.54,0,103.894, ,,,,,,,,,,
70.54,0,103.961, ,,,,,,,,,,
71.31,0,103.972, ,,,,,,,,,,
71.31,0,104.04, ,,,,,,,,,,
73.62,0,104.052, ,,,,,,,,,,
73.62,0,104.12, ,,,,,,,,,,
77.78,0,104.132, ,,,,,,,,,,
77.78,0,104.2, ,,,,,,,,,,
83.82,0,104.212, ,,,,,,,,,,
83.82,0,104.28, ,,,,,,,,,,
93.38,0,104.291, ,,,,,,,,,,
93.38,0,104.359, ,,,,,,,,,,
108.43,0,104.371, ,,,,,,,,,,
126.55,0,104.44, ,,,,,,,,,,
144.67,300,104.509, ,,,,,,,,,,
158.95,300,104.577, ,,,,,,,,,,
162.63,300,104.645, ,,,,,,,,,,
157.7,300,104.714, ,,,,,,,,,,
156.27,300,104.781, ,,,,,,,,,,
156.59,300,104.85, ,,,,,,,,,,
155.8,300,104.919, ,,,,,,,,,,
147.38,300,104.987, ,,,,,,,,,,
135.38,300,105.055, ,,,,,,,,,,
120.84,300,105.123, ,,,,,,,,,,
104.8,300,105.192, ,,,,,,,,,,
92.83,300,105.26, ,,,,,,,,,,
92.83,300,105.327, ,,,,,,,,,,
82.86,0,105.338, ,,,,,,,,,,
82.86,0,105.406, ,,,,,,,,,,
76.04,0,105.418, ,,,,,,,,,,
76.04,0,105.486, ,,,,,,,,,,
72.44,0,105.498, ,,,,,,,,,,
72.44,0,105.566, ,,,,,,,,,,
72.05,0,105.578, ,,,,,,,,,,
72.05,0,105.646, ,,,,,,,,,,
71.64,0,105.657, ,,,,,,,,,,
71.64,0,105.724, ,,,,,,,,,,
71.44,0,105.737, ,,,,,,,,,,
71.44,0,105.804, ,,,,,,,,,,
72.32,0,105.817, ,,,,,,,,,,
72.32,0,105.884, ,,,,,,,,,,
76,0,105.896, ,,,,,,,,,,
76,0,105.964, ,,,,,,,,,,
81.04,0,105.975, ,,,,,,,,,,
81.04,0,106.044, ,,,,,,,,,,
88.36,0,106.055, ,,,,,,,,,,
88.36,0,106.123, ,,,,,,,,,,
101.1,0,106.135, ,,,,,,,,,,
117.07,0,106.205, ,,,,,,,,,,
135.41,0,106.272, ,,,,,,,,,,
152.36,300,106.341, ,,,,,,,,,,
161.83,300,106.409, ,,,,,,,,,,
162.8,300,106.477, ,,,,,,,,,,
158.24,300,106.546, ,,,,,,,,,,
156.51,300,106.614, ,,,,,,,,,,
158.1,300,106.683, ,,,,,,,,,,
158.09,300,106.75, ,,,,,,,,,,
150.73,300,106.819, ,,,,,,,,,,
140.3,300,106.888, ,,,,,,,,,,
126.91,300,106.955, ,,,,,,,,,,
111.33,300,107.024, ,,,,,,,,,,
97.49,300,107.092, ,,,,,,,,,,
97.49,300,107.159, ,,,,,,,,,,
85.64,300,107.171, ,,,,,,,,,,
85.64,300,107.239, ,,,,,,,,,,
77.95,0,107.251, ,,,,,,,,,,
77.95,0,107.319, ,,,,,,,,,,
73.37,0,107.33, ,,,,,,,,,,
73.37,0,107.398, ,,,,,,,,,,
70.9,0,107.41, ,,,,,,,,,,
70.9,0,107.478, ,,,,,,,,,,
70.44,0,107.49, ,,,,,,,,,,
70.44,0,107.557, ,,,,,,,,,,
69.82,0,107.57, ,,,,,,,,,,
69.82,0,107.637, ,,,,,,,,,,
70.34,0,107.649, ,,,,,,,,,,
70.34,0,107.716, ,,,,,,,,,,
70.8,0,107.728, ,,,,,,,,,,
70.8,0,107.796, ,,,,,,,,,,
72.95,0,107.808, ,,,,,,,,,,
72.95,0,107.876, ,,,,,,,,,,
76.63,0,107.888, ,,,,,,,,,,
76.63,0,107.956, ,,,,,,,,,,
82.74,0,107.967, ,,,,,,,,,,
82.74,0,108.036, ,,,,,,,,,,
91.67,0,108.047, ,,,,,,,,,,
91.67,0,108.114, ,,,,,,,,,,
105.85,0,108.127, ,,,,,,,,,,
123.47,0,108.196, ,,,,,,,,,,
142.49,300,108.264, ,,,,,,,,,,
156.42,300,108.333, ,,,,,,,,,,
161.56,300,108.401, ,,,,,,,,,,
157.61,300,108.469, ,,,,,,,,,,
155.93,300,108.537, ,,,,,,,,,,
155.8,300,108.606, ,,,,,,,,,,
155.82,300,108.675, ,,,,,,,,,,
146.35,300,108.742, ,,,,,,,,,,
133.73,300,108.811, ,,,,,,,,,,
118.5,300,108.879, ,,,,,,,,,,
103.07,300,108.947, ,,,,,,,,,,
90.99,300,109.016, ,,,,,,,,,,
90.99,300,109.082, ,,,,,,,,,,
81.55,0,109.094, ,,,,,,,,,,
81.55,0,109.162, ,,,,,,,,,,
75.47,0,109.174, ,,,,,,,,,,
75.47,0,109.242, ,,,,,,,,,,
72.11,0,109.254, ,,,,,,,,,,
72.11,0,109.322, ,,,,,,,,,,
71.44,0,109.333, ,,,,,,,,,,
71.44,0,109.401, ,,,,,,,,,,
71.11,0,109.413, ,,,,,,,,,,
71.11,0,109.48, ,,,,,,,,,,
70.99,0,109.493, ,,,,,,,,,,
70.99,0,109.56, ,,,,,,,,,,
71.91,0,109.573, ,,,,,,,,,,
71.91,0,109.64, ,,,,,,,,,,
75.2,0,109.651, ,,,,,,,,,,
75.2,0,109.719, ,,,,,,,,,,
80.35,0,109.731, ,,,,,,,,,,
80.35,0,109.799, ,,,,,,,,,,
87.64,0,109.811, ,,,,,,,,,,
87.64,0,109.879, ,,,,,,,,,,
98.71,0,109.891, ,,,,,,,,,,
98.71,0,109.959, ,,,,,,,,,,
117,0,109.97, ,,,,,,,,,,
136.15,0,110.04, ,,,,,,,,,,
152.28,300,110.108, ,,,,,,,,,,
161.8,300,110.177, ,,,,,,,,,,
161.52,300,110.244, ,,,,,,,,,,
157.19,300,110.313, ,,,,,,,,,,
157.02,300,110.382, ,,,,,,,,,,
158.03,300,110.449, ,,,,,,,,,,
157.56,300,110.518, ,,,,,,,,,,
151.17,300,110.586, ,,,,,,,,,,
140.25,300,110.654, ,,,,,,,,,,
128.42,300,110.723, ,,,,,,,,,,
112.59,300,110.791, ,,,,,,,,,,
97.86,300,110.86, ,,,,,,,,,,
97.86,300,110.926, ,,,,,,,,,,
85.91,300,110.939, ,,,,,,,,,,
85.91,300,111.006, ,,,,,,,,,,
78.4,0,111.017, ,,,,,,,,,,
78.4,0,111.085, ,,,,,,,,,,
73.45,0,111.097, ,,,,,,,,,,
73.45,0,111.165, ,,,,,,,,,,
70.61,0,111.177, ,,,,,,,,,,
70.61,0,111.245, ,,,,,,,,,,
70.51,0,111.257, ,,,,,,,,,,
70.51,0,111.325, ,,,,,,,,,,
70.67,0,111.336, ,,,,,,,,,,
70.67,0,111.404, ,,,,,,,,,,
70.39,0,111.416, ,,,,,,,,,,
70.39,0,111.483, ,,,,,,,,,,
71.04,0,111.496, ,,,,,,,,,,
71.04,0,111.563, ,,,,,,,,,,
73.15,0,111.576, ,,,,,,,,,,
73.15,0,111.643, ,,,,,,,,,,
77.02,0,111.654, ,,,,,,,,,,
77.02,0,111.723, ,,,,,,,,,,
82.93,0,111.734, ,,,,,,,,,,
82.93,0,111.802, ,,,,,,,,,,
92.04,0,111.814, ,,,,,,,,,,
92.04,0,111.882, ,,,,,,,,,,
106.65,0,111.894, ,,,,,,,,,,
123.88,0,111.963, ,,,,,,,,,,
142.62,300,112.031, ,,,,,,,,,,
157.33,300,112.1, ,,,,,,,,,,
162.05,300,112.168, ,,,,,,,,,,
158.72,300,112.236, ,,,,,,,,,,
155.9,300,112.305, ,,,,,,,,,,
156.27,300,112.373, ,,,,,,,,,,
156.04,300,112.441, ,,,,,,,,,,
146.74,300,112.509, ,,,,,,,,,,
134.11,300,112.578, ,,,,,,,,,,
119.18,300,112.647, ,,,,,,,,,,
103.55,300,112.714, ,,,,,,,,,,
91.47,300,112.783, ,,,,,,,,,,
91.47,300,112.849, ,,,,,,,,,,
81.85,0,112.862, ,,,,,,,,,,
81.85,0,112.929, ,,,,,,,,,,
75.55,0,112.942, ,,,,,,,,,,
75.55,0,113.009, ,,,,,,,,,,
72.28,0,113.02, ,,,,,,,,,,
72.28,0,113.088, ,,,,,,,,,,
71.68,0,113.1, ,,,,,,,,,,
71.68,0,113.168, ,,,,,,,,,,
71.07,0,113.18, ,,,,,,,,,,
71.07,0,113.248, ,,,,,,,,,,
71.34,0,113.26, ,,,,,,,,,,
71.34,0,113.328, ,,,,,,,,,,
72.04,0,113.339, ,,,,,,,,,,
72.04,0,113.406, ,,,,,,,,,,
75.08,0,113.419, ,,,,,,,,,,
75.08,0,113.486, ,,,,,,,,,,
79.98,0,113.499, ,,,,,,,,,,
79.98,0,113.566, ,,,,,,,,,,
87.18,0,113.579, ,,,,,,,,,,
87.18,0,113.646, ,,,,,,,,,,
99.01,0,113.658, ,,,,,,,,,,
99.01,0,113.726, ,,,,,,,,,,
117.44,0,113.737, ,,,,,,,,,,
136.05,0,113.807, ,,,,,,,,,,
151.72,300,113.875, ,,,,,,,,,,
162.4,300,113.943, ,,,,,,,,,,
163.26,300,114.012, ,,,,,,,,,,
158.95,300,114.08, ,,,,,,,,,,
157.64,300,114.148, ,,,,,,,,,,
157.88,300,114.216, ,,,,,,,,,,
157.34,300,114.285, ,,,,,,,,,,
150.58,300,114.354, ,,,,,,,,,,
139.88,300,114.421, ,,,,,,,,,,
127.89,300,114.49, ,,,,,,,,,,
111.77,300,114.558, ,,,,,,,,,,
97.3,300,114.626, ,,,,,,,,,,
97.3,300,114.694, ,,,,,,,,,,
85.8,300,114.705, ,,,,,,,,,,
85.8,300,114.772, ,,,,,,,,,,
78.3,0,114.785, ,,,,,,,,,,
78.3,0,114.852, ,,,,,,,,,,
73.63,0,114.865, ,,,,,,,,,,
73.63,0,114.932, ,,,,,,,,,,
70.79,0,114.945, ,,,,,,,,,,
70.79,0,115.012, ,,,,,,,,,,
70.89,0,115.023, ,,,,,,,,,,
70.89,0,115.091, ,,,,,,,,,,
70.39,0,115.103, ,,,,,,,,,,
70.39,0,115.171, ,,,,,,,,,,
70.04,0,115.183, ,,,,,,,,,,
70.04,0,115.251, ,,,,,,,,,,
70.9,0,115.263, ,,,,,,,,,,
70.9,0,115.331, ,,,,,,,,,,
73.08,0,115.342, ,,,,,,,,,,
73.08,0,115.41, ,,,,,,,,,,
77.2,0,115.422, ,,,,,,,,,,
77.2,0,115.489, ,,,,,,,,,,
82.47,0,115.502, ,,,,,,,,,,
82.47,0,115.569, ,,,,,,,,,,
91.38,0,115.581, ,,,,,,,,,,
91.38,0,115.649, ,,,,,,,,,,
106.24,0,115.661, ,,,,,,,,,,
122.98,0,115.73, ,,,,,,,,,,
141.67,300,115.799, ,,,,,,,,,,
156.43,300,115.867, ,,,,,,,,,,
162.11,300,115.935, ,,,,,,,,,,
158.38,300,116.003, ,,,,,,,,,,
155.61,300,116.072, ,,,,,,,,,,
156.11,300,116.14, ,,,,,,,,,,
155.71,300,116.208, ,,,,,,,,,,
146.73,300,116.277, ,,,,,,,,,,
136.51,300,116.345, ,,,,,,,,,,
120.42,300,116.413, ,,,,,,,,,,
104.84,300,116.482, ,,,,,,,,,,
91.29,300,116.55, ,,,,,,,,,,
91.29,300,116.617, ,,,,,,,,,,
81.4,0,116.629, ,,,,,,,,,,
81.4,0,116.697, ,,,,,,,,,,
75.19,0,116.708, ,,,,,,,,,,
75.19,0,116.775, ,,,,,,,,,,
72.21,0,116.788, ,,,,,,,,,,
72.21,0,116.855, ,,,,,,,,,,
71.5,0,116.868, ,,,,,,,,,,
71.5,0,116.935, ,,,,,,,,,,
71.18,0,116.947, ,,,,,,,,,,
71.18,0,117.015, ,,,,,,,,,,
71.4,0,117.026, ,,,,,,,,,,
71.4,0,117.095, ,,,,,,,,,,
72.07,0,117.106, ,,,,,,,,,,
72.07,0,117.174, ,,,,,,,,,,
74.88,0,117.186, ,,,,,,,,,,
74.88,0,117.254, ,,,,,,,,,,
79.81,0,117.266, ,,,,,,,,,,
79.81,0,117.334, ,,,,,,,,,,
86.88,0,117.346, ,,,,,,,,,,
86.88,0,117.413, ,,,,,,,,,,
98.47,0,117.425, ,,,,,,,,,,
98.47,0,117.492, ,,,,,,,,,,
115.92,0,117.505, ,,,,,,,,,,
134.43,0,117.574, ,,,,,,,,,,
151.15,300,117.642, ,,,,,,,,,,
161.33,300,117.71, ,,,,,,,,,,
162.69,300,117.779, ,,,,,,,,,,
157.55,300,117.848, ,,,,,,,,,,
156.44,300,117.915, ,,,,,,,,,,
157.87,300,117.984, ,,,,,,,,,,
157.34,300,118.052, ,,,,,,,,,,
150.65,300,118.12, ,,,,,,,,,,
139.39,300,118.189, ,,,,,,,,,,
126.94,300,118.257, ,,,,,,,,,,
110.39,300,118.326, ,,,,,,,,,,
96.49,300,118.393, ,,,,,,,,,,
96.49,300,118.46, ,,,,,,,,,,
85.15,300,118.472, ,,,,,,,,,,
85.15,300,118.54, ,,,,,,,,,,
77.75,0,118.552, ,,,,,,,,,,
77.75,0,118.62, ,,,,,,,,,,
73.12,0,118.632, ,,,,,,,,,,
73.12,0,118.7, ,,,,,,,,,,
70.6,0,118.711, ,,,,,,,,,,
70.6,0,118.779, ,,,,,,,,,,
70.04,0,118.791, ,,,,,,,,,,
70.04,0,118.858, ,,,,,,,,,,
69.89,0,118.871, ,,,,,,,,,,
69.89,0,118.938, ,,,,,,,,,,
69.85,0,118.95, ,,,,,,,,,,
69.85,0,119.018, ,,,,,,,,,,
70.53,0,119.03, ,,,,,,,,,,
70.53,0,119.098, ,,,,,,,,,,
72.52,0,119.109, ,,,,,,,,,,
72.52,0,119.177, ,,,,,,,,,,
75.48,0,119.189, ,,,,,,,,,,
75.48,0,119.257, ,,,,,,,,,,
80.73,0,119.269, ,,,,,,,,,,
80.73,0,119.336, ,,,,,,,,,,
89.34,0,119.349, ,,,,,,,,,,
89.34,0,119.416, ,,,,,,,,,,
101.8,0,119.428, ,,,,,,,,,,
118.28,0,119.497, ,,,,,,,,,,
136.91,0,119.566, ,,,,,,,,,,
153.21,300,119.633, ,,,,,,,,,,
162.52,300,119.702, ,,,,,,,,,,
161.8,300,119.771, ,,,,,,,,,,
1,,,,,,,,,,,,,
,,,,,,,,,,,,,
,,,,,,,,,,,,,
,,,,,,,,,,,,,
,,,,,,,,,,,,,   
